time,open,high,low,close
2026-07-28 08:30:00+00:00,63480.0,63480.0,63460.0,63462.31
2026-07-28 08:31:00+00:00,63462.31,63462.31,63440.0,63442.55
2026-07-28 08:32:00+00:00,63442.55,63450.98,63442.55,63450.98
2026-07-28 08:33:00+00:00,63450.97,63450.97,63420.0,63422.55
2026-07-28 08:34:00+00:00,63422.55,63440.0,63422.54,63439.99
2026-07-28 08:35:00+00:00,63440.0,63440.0,63435.62,63435.63
2026-07-28 08:36:00+00:00,63435.63,63435.63,63435.62,63435.62
2026-07-28 08:37:00+00:00,63435.62,63443.04,63435.62,63443.04
2026-07-28 08:38:00+00:00,63443.03,63467.06,63443.03,63467.06
2026-07-28 08:39:00+00:00,63467.05,63467.05,63458.99,63465.33
2026-07-28 08:40:00+00:00,63465.71,63487.09,63465.7,63487.08
2026-07-28 08:41:00+00:00,63487.08,63514.61,63482.31,63514.61
2026-07-28 08:42:00+00:00,63514.6,63514.6,63476.25,63476.91
2026-07-28 08:43:00+00:00,63476.9,63506.97,63476.9,63506.97
2026-07-28 08:44:00+00:00,63506.96,63518.0,63491.2,63496.61
2026-07-28 08:45:00+00:00,63496.61,63510.0,63491.68,63498.02
2026-07-28 08:46:00+00:00,63498.02,63512.0,63498.02,63511.99
2026-07-28 08:47:00+00:00,63512.0,63512.0,63496.28,63496.29
2026-07-28 08:48:00+00:00,63496.28,63496.29,63496.28,63496.28
2026-07-28 08:49:00+00:00,63496.29,63496.29,63489.86,63489.86
2026-07-28 08:50:00+00:00,63489.87,63489.87,63485.04,63485.05
2026-07-28 08:51:00+00:00,63485.04,63485.05,63453.26,63453.27
2026-07-28 08:52:00+00:00,63453.27,63453.27,63436.0,63436.0
2026-07-28 08:53:00+00:00,63436.0,63438.87,63416.6,63416.6
2026-07-28 08:54:00+00:00,63416.61,63425.07,63416.6,63425.07
2026-07-28 08:55:00+00:00,63425.07,63425.07,63406.11,63421.42
2026-07-28 08:56:00+00:00,63421.42,63421.43,63421.42,63421.43
2026-07-28 08:57:00+00:00,63421.43,63423.65,63414.99,63423.65
2026-07-28 08:58:00+00:00,63423.64,63428.0,63423.64,63428.0
2026-07-28 08:59:00+00:00,63427.99,63428.08,63427.99,63428.08
2026-07-28 09:00:00+00:00,63428.07,63432.0,63416.08,63432.0
2026-07-28 09:01:00+00:00,63431.99,63462.99,63431.99,63462.99
2026-07-28 09:02:00+00:00,63462.98,63463.99,63436.49,63436.49
2026-07-28 09:03:00+00:00,63436.49,63437.72,63416.01,63416.01
2026-07-28 09:04:00+00:00,63416.02,63416.02,63416.0,63416.02
2026-07-28 09:05:00+00:00,63416.02,63416.02,63396.0,63396.0
2026-07-28 09:06:00+00:00,63396.01,63427.87,63396.0,63427.86
2026-07-28 09:07:00+00:00,63427.87,63440.0,63427.86,63439.99
2026-07-28 09:08:00+00:00,63439.99,63454.84,63439.99,63454.84
2026-07-28 09:09:00+00:00,63454.84,63454.84,63454.83,63454.83
2026-07-28 09:10:00+00:00,63454.84,63465.99,63454.83,63461.49
2026-07-28 09:11:00+00:00,63461.49,63461.5,63455.68,63455.68
2026-07-28 09:12:00+00:00,63455.68,63460.83,63455.68,63460.0
2026-07-28 09:13:00+00:00,63460.01,63460.01,63456.26,63456.27
2026-07-28 09:14:00+00:00,63456.26,63456.27,63431.98,63431.98
2026-07-28 09:15:00+00:00,63431.99,63439.58,63431.98,63439.57
2026-07-28 09:16:00+00:00,63439.58,63439.58,63439.55,63439.56
2026-07-28 09:17:00+00:00,63439.56,63441.47,63438.0,63438.0
2026-07-28 09:18:00+00:00,63438.0,63438.46,63415.65,63438.45
2026-07-28 09:19:00+00:00,63438.45,63452.0,63438.45,63452.0
2026-07-28 09:20:00+00:00,63452.0,63474.0,63452.0,63471.42
2026-07-28 09:21:00+00:00,63471.43,63488.0,63471.42,63477.99
2026-07-28 09:22:00+00:00,63477.98,63481.87,63477.98,63481.86
2026-07-28 09:23:00+00:00,63481.86,63489.19,63465.8,63466.01
2026-07-28 09:24:00+00:00,63466.01,63482.0,63466.0,63481.39
2026-07-28 09:25:00+00:00,63481.39,63481.39,63471.76,63471.76
2026-07-28 09:26:00+00:00,63471.76,63471.77,63467.25,63467.26
2026-07-28 09:27:00+00:00,63467.25,63467.6,63459.61,63459.61
2026-07-28 09:28:00+00:00,63459.62,63471.67,63459.61,63471.66
2026-07-28 09:29:00+00:00,63471.67,63499.76,63471.66,63496.3
2026-07-28 09:30:00+00:00,63496.29,63511.42,63496.29,63511.42
2026-07-28 09:31:00+00:00,63511.41,63540.81,63511.41,63540.81
2026-07-28 09:32:00+00:00,63540.81,63540.81,63530.51,63530.52
2026-07-28 09:33:00+00:00,63530.52,63530.52,63528.48,63528.49
2026-07-28 09:34:00+00:00,63528.49,63528.49,63528.48,63528.48
2026-07-28 09:35:00+00:00,63528.49,63528.49,63528.46,63528.46
2026-07-28 09:36:00+00:00,63528.46,63528.47,63528.46,63528.47
2026-07-28 09:37:00+00:00,63528.47,63528.47,63481.03,63501.0
2026-07-28 09:38:00+00:00,63501.0,63527.72,63501.0,63527.72
2026-07-28 09:39:00+00:00,63527.73,63565.39,63527.73,63565.38
2026-07-28 09:40:00+00:00,63565.38,63581.33,63558.33,63558.34
2026-07-28 09:41:00+00:00,63558.33,63558.33,63529.77,63529.77
2026-07-28 09:42:00+00:00,63529.77,63529.78,63529.77,63529.78
2026-07-28 09:43:00+00:00,63529.78,63529.78,63529.15,63529.15
2026-07-28 09:44:00+00:00,63529.16,63529.16,63510.0,63518.91
2026-07-28 09:45:00+00:00,63518.91,63518.91,63518.9,63518.9
2026-07-28 09:46:00+00:00,63518.9,63518.91,63518.9,63518.91
2026-07-28 09:47:00+00:00,63518.91,63518.91,63518.9,63518.9
2026-07-28 09:48:00+00:00,63518.9,63518.91,63518.9,63518.9
2026-07-28 09:49:00+00:00,63518.9,63525.01,63518.9,63525.0
2026-07-28 09:50:00+00:00,63525.01,63556.31,63525.0,63556.2
2026-07-28 09:51:00+00:00,63556.19,63556.19,63533.92,63533.92
2026-07-28 09:52:00+00:00,63533.92,63533.93,63506.32,63506.32
2026-07-28 09:53:00+00:00,63506.33,63506.33,63458.32,63458.33
2026-07-28 09:54:00+00:00,63458.33,63458.33,63411.55,63411.56
2026-07-28 09:55:00+00:00,63411.55,63416.95,63404.89,63404.9
2026-07-28 09:56:00+00:00,63404.9,63404.9,63391.45,63391.45
2026-07-28 09:57:00+00:00,63391.46,63391.46,63368.81,63376.0
2026-07-28 09:58:00+00:00,63376.0,63394.0,63368.81,63393.99
2026-07-28 09:59:00+00:00,63393.99,63394.0,63393.99,63393.99
2026-07-28 10:00:00+00:00,63393.99,63394.0,63374.83,63392.88
2026-07-28 10:01:00+00:00,63392.88,63410.0,63391.27,63409.99
2026-07-28 10:02:00+00:00,63409.99,63409.99,63389.61,63396.0
2026-07-28 10:03:00+00:00,63395.99,63402.0,63374.84,63389.99
2026-07-28 10:04:00+00:00,63390.0,63390.0,63362.35,63374.0
2026-07-28 10:05:00+00:00,63373.99,63374.0,63349.45,63349.46
2026-07-28 10:06:00+00:00,63349.46,63361.84,63346.11,63346.11
2026-07-28 10:07:00+00:00,63346.11,63346.12,63342.02,63342.03
2026-07-28 10:08:00+00:00,63342.03,63342.03,63325.13,63335.98
2026-07-28 10:09:00+00:00,63335.99,63335.99,63335.97,63335.97
2026-07-28 10:10:00+00:00,63335.98,63335.98,63333.41,63333.41
2026-07-28 10:11:00+00:00,63333.42,63368.94,63324.14,63368.93
2026-07-28 10:12:00+00:00,63368.92,63368.93,63322.0,63331.95
2026-07-28 10:13:00+00:00,63331.95,63339.43,63322.0,63339.42
2026-07-28 10:14:00+00:00,63339.43,63344.01,63339.42,63344.0
2026-07-28 10:15:00+00:00,63344.01,63355.81,63344.0,63349.28
2026-07-28 10:16:00+00:00,63349.27,63379.11,63349.27,63379.1
2026-07-28 10:17:00+00:00,63379.1,63381.64,63375.29,63377.99
2026-07-28 10:18:00+00:00,63378.0,63429.83,63377.99,63429.83
2026-07-28 10:19:00+00:00,63429.82,63429.83,63410.0,63410.01
2026-07-28 10:20:00+00:00,63410.01,63417.6,63410.0,63417.6
2026-07-28 10:21:00+00:00,63417.6,63417.6,63396.0,63396.0
2026-07-28 10:22:00+00:00,63396.01,63396.01,63370.0,63370.01
2026-07-28 10:23:00+00:00,63370.01,63370.01,63350.0,63354.63
2026-07-28 10:24:00+00:00,63354.62,63371.99,63354.62,63371.99
2026-07-28 10:25:00+00:00,63372.0,63379.65,63324.13,63325.89
2026-07-28 10:26:00+00:00,63325.9,63325.9,63294.0,63304.0
2026-07-28 10:27:00+00:00,63304.0,63321.57,63303.99,63321.57
2026-07-28 10:28:00+00:00,63321.57,63356.46,63321.56,63356.45
2026-07-28 10:29:00+00:00,63356.46,63386.91,63356.45,63386.91
2026-07-28 10:30:00+00:00,63386.91,63400.0,63382.0,63391.35
2026-07-28 10:31:00+00:00,63391.36,63409.2,63391.35,63400.0
2026-07-28 10:32:00+00:00,63400.0,63400.01,63372.0,63379.7
2026-07-28 10:33:00+00:00,63379.71,63380.0,63370.0,63378.19
2026-07-28 10:34:00+00:00,63378.19,63457.05,63378.19,63430.08
2026-07-28 10:35:00+00:00,63430.08,63430.09,63400.01,63428.57
2026-07-28 10:36:00+00:00,63428.56,63471.99,63402.0,63468.8
2026-07-28 10:37:00+00:00,63468.37,63488.0,63468.37,63487.99
2026-07-28 10:38:00+00:00,63488.0,63488.0,63453.76,63487.71
2026-07-28 10:39:00+00:00,63487.71,63494.0,63487.7,63487.72
2026-07-28 10:40:00+00:00,63487.72,63488.0,63468.38,63478.01
2026-07-28 10:41:00+00:00,63478.01,63490.75,63478.0,63490.74
2026-07-28 10:42:00+00:00,63490.74,63517.32,63490.74,63509.88
2026-07-28 10:43:00+00:00,63509.87,63509.87,63500.0,63504.01
2026-07-28 10:44:00+00:00,63504.01,63526.0,63504.01,63526.0
2026-07-28 10:45:00+00:00,63525.99,63534.97,63525.99,63532.9
2026-07-28 10:46:00+00:00,63532.91,63539.99,63532.9,63539.98
2026-07-28 10:47:00+00:00,63539.99,63542.88,63536.07,63542.87
2026-07-28 10:48:00+00:00,63542.88,63542.88,63537.12,63537.13
2026-07-28 10:49:00+00:00,63537.13,63537.13,63526.95,63526.96
2026-07-28 10:50:00+00:00,63526.95,63541.21,63526.0,63541.21
2026-07-28 10:51:00+00:00,63541.21,63555.18,63541.2,63555.18
2026-07-28 10:52:00+00:00,63555.18,63555.18,63523.68,63523.69
2026-07-28 10:53:00+00:00,63523.69,63523.69,63516.18,63519.14
2026-07-28 10:54:00+00:00,63519.14,63519.15,63516.13,63516.14
2026-07-28 10:55:00+00:00,63516.14,63516.14,63504.58,63504.59
2026-07-28 10:56:00+00:00,63504.59,63504.59,63503.27,63503.28
2026-07-28 10:57:00+00:00,63503.28,63503.28,63480.0,63484.0
2026-07-28 10:58:00+00:00,63484.0,63484.22,63483.99,63484.22
2026-07-28 10:59:00+00:00,63484.21,63484.22,63468.0,63473.47
2026-07-28 11:00:00+00:00,63473.48,63507.25,63473.48,63482.0
2026-07-28 11:01:00+00:00,63482.0,63485.52,63482.0,63485.0
2026-07-28 11:02:00+00:00,63485.01,63485.01,63440.0,63448.8
2026-07-28 11:03:00+00:00,63448.81,63453.96,63448.8,63448.8
2026-07-28 11:04:00+00:00,63448.8,63448.8,63428.29,63432.01
2026-07-28 11:05:00+00:00,63432.0,63432.01,63404.38,63427.99
2026-07-28 11:06:00+00:00,63428.0,63443.31,63416.63,63443.3
2026-07-28 11:07:00+00:00,63443.31,63443.31,63405.7,63405.71
2026-07-28 11:08:00+00:00,63405.71,63434.0,63405.68,63429.98
2026-07-28 11:09:00+00:00,63429.97,63429.98,63409.95,63409.96
2026-07-28 11:10:00+00:00,63409.96,63409.96,63392.0,63392.0
2026-07-28 11:11:00+00:00,63392.0,63392.01,63375.61,63375.61
2026-07-28 11:12:00+00:00,63375.62,63381.57,63375.61,63379.33
2026-07-28 11:13:00+00:00,63379.33,63384.0,63370.0,63375.57
2026-07-28 11:14:00+00:00,63375.56,63375.56,63366.02,63366.03
2026-07-28 11:15:00+00:00,63366.02,63426.48,63352.0,63421.05
2026-07-28 11:16:00+00:00,63421.05,63421.05,63402.83,63409.3
2026-07-28 11:17:00+00:00,63409.3,63437.97,63402.17,63437.96
2026-07-28 11:18:00+00:00,63437.96,63544.01,63437.96,63543.46
2026-07-28 11:19:00+00:00,63543.46,63580.03,63543.46,63577.47
2026-07-28 11:20:00+00:00,63577.47,63593.0,63558.33,63558.95
2026-07-28 11:21:00+00:00,63558.96,63570.0,63547.29,63551.91
2026-07-28 11:22:00+00:00,63551.91,63551.92,63526.35,63526.36
2026-07-28 11:23:00+00:00,63526.36,63526.36,63469.64,63469.65
2026-07-28 11:24:00+00:00,63469.65,63469.65,63463.99,63463.99
2026-07-28 11:25:00+00:00,63463.99,63463.99,63446.12,63462.43
2026-07-28 11:26:00+00:00,63462.43,63484.0,63462.42,63473.52
2026-07-28 11:27:00+00:00,63473.51,63473.51,63444.51,63444.51
2026-07-28 11:28:00+00:00,63444.51,63444.52,63425.33,63428.0
2026-07-28 11:29:00+00:00,63428.0,63474.33,63427.99,63453.29
2026-07-28 11:30:00+00:00,63453.28,63466.0,63442.0,63453.62
2026-07-28 11:31:00+00:00,63453.63,63500.0,63453.63,63500.0
2026-07-28 11:32:00+00:00,63500.0,63515.4,63500.0,63506.0
2026-07-28 11:33:00+00:00,63506.0,63514.0,63494.57,63510.72
2026-07-28 11:34:00+00:00,63510.72,63524.15,63494.0,63510.73
2026-07-28 11:35:00+00:00,63510.74,63510.74,63501.1,63509.0
2026-07-28 11:36:00+00:00,63508.99,63584.83,63508.99,63550.02
2026-07-28 11:37:00+00:00,63550.01,63550.01,63510.06,63514.0
2026-07-28 11:38:00+00:00,63513.99,63518.0,63513.99,63514.45
2026-07-28 11:39:00+00:00,63514.44,63514.45,63483.93,63483.93
2026-07-28 11:40:00+00:00,63483.93,63483.93,63466.0,63466.0
2026-07-28 11:41:00+00:00,63466.0,63466.01,63410.0,63416.0
2026-07-28 11:42:00+00:00,63416.0,63418.0,63368.0,63376.94
2026-07-28 11:43:00+00:00,63376.94,63394.12,63376.94,63388.53
2026-07-28 11:44:00+00:00,63388.54,63411.99,63388.53,63398.07
2026-07-28 11:45:00+00:00,63398.07,63408.88,63398.07,63408.88
2026-07-28 11:46:00+00:00,63408.88,63456.0,63408.88,63456.0
2026-07-28 11:47:00+00:00,63456.0,63472.0,63453.26,63471.99
2026-07-28 11:48:00+00:00,63471.99,63513.88,63467.96,63488.01
2026-07-28 11:49:00+00:00,63488.02,63501.53,63488.01,63500.0
2026-07-28 11:50:00+00:00,63499.99,63500.0,63476.01,63480.0
2026-07-28 11:51:00+00:00,63480.0,63502.0,63480.0,63502.0
2026-07-28 11:52:00+00:00,63502.37,63504.0,63486.69,63486.7
2026-07-28 11:53:00+00:00,63486.7,63486.7,63470.0,63472.0
2026-07-28 11:54:00+00:00,63472.01,63472.01,63457.34,63457.35
2026-07-28 11:55:00+00:00,63457.35,63472.15,63457.35,63468.41
2026-07-28 11:56:00+00:00,63468.41,63468.42,63455.46,63455.46
2026-07-28 11:57:00+00:00,63455.46,63477.45,63455.45,63468.01
2026-07-28 11:58:00+00:00,63468.01,63503.72,63468.0,63503.72
2026-07-28 11:59:00+00:00,63503.72,63508.91,63449.99,63450.0
2026-07-28 12:00:00+00:00,63449.99,63457.62,63448.0,63455.99
2026-07-28 12:01:00+00:00,63456.0,63456.0,63430.33,63433.23
2026-07-28 12:02:00+00:00,63433.23,63450.58,63433.22,63450.58
2026-07-28 12:03:00+00:00,63450.58,63451.99,63442.0,63451.99
2026-07-28 12:04:00+00:00,63452.0,63536.0,63451.99,63535.96
2026-07-28 12:05:00+00:00,63535.95,63535.95,63504.42,63504.43
2026-07-28 12:06:00+00:00,63504.42,63522.99,63504.01,63504.01
2026-07-28 12:07:00+00:00,63504.0,63507.85,63494.01,63499.76
2026-07-28 12:08:00+00:00,63499.76,63506.0,63493.93,63493.94
2026-07-28 12:09:00+00:00,63493.93,63493.93,63473.55,63473.55
2026-07-28 12:10:00+00:00,63473.55,63484.48,63470.0,63484.47
2026-07-28 12:11:00+00:00,63484.47,63484.48,63473.08,63473.09
2026-07-28 12:12:00+00:00,63473.09,63478.0,63465.71,63465.71
2026-07-28 12:13:00+00:00,63465.71,63465.71,63453.26,63459.87
2026-07-28 12:14:00+00:00,63459.86,63462.0,63440.0,63440.01
2026-07-28 12:15:00+00:00,63440.01,63453.99,63428.02,63434.86
2026-07-28 12:16:00+00:00,63434.86,63441.01,63430.4,63441.01
2026-07-28 12:17:00+00:00,63441.01,63445.95,63441.0,63445.05
2026-07-28 12:18:00+00:00,63445.04,63450.0,63436.0,63449.99
2026-07-28 12:19:00+00:00,63450.0,63450.0,63432.82,63434.99
2026-07-28 12:20:00+00:00,63435.0,63443.07,63434.99,63441.99
2026-07-28 12:21:00+00:00,63441.99,63460.36,63441.99,63460.36
2026-07-28 12:22:00+00:00,63460.35,63460.36,63438.07,63438.08
2026-07-28 12:23:00+00:00,63438.07,63448.0,63438.07,63445.99
2026-07-28 12:24:00+00:00,63445.99,63466.85,63435.2,63466.84
2026-07-28 12:25:00+00:00,63466.84,63466.85,63457.35,63463.48
2026-07-28 12:26:00+00:00,63463.49,63480.0,63463.49,63473.99
2026-07-28 12:27:00+00:00,63474.0,63512.12,63474.0,63512.11
2026-07-28 12:28:00+00:00,63512.12,63512.12,63458.28,63462.01
2026-07-28 12:29:00+00:00,63462.01,63464.0,63418.52,63424.0
2026-07-28 12:30:00+00:00,63424.0,63450.66,63417.61,63450.66
2026-07-28 12:31:00+00:00,63450.67,63459.18,63432.56,63432.58
2026-07-28 12:32:00+00:00,63432.58,63444.85,63432.57,63440.25
2026-07-28 12:33:00+00:00,63440.24,63440.25,63402.0,63402.01
2026-07-28 12:34:00+00:00,63402.0,63432.01,63364.96,63432.0
2026-07-28 12:35:00+00:00,63432.01,63444.83,63428.0,63439.34
2026-07-28 12:36:00+00:00,63439.34,63439.35,63418.0,63436.01
2026-07-28 12:37:00+00:00,63436.01,63439.35,63418.59,63418.6
2026-07-28 12:38:00+00:00,63418.6,63422.62,63411.18,63413.73
2026-07-28 12:39:00+00:00,63413.73,63436.01,63413.72,63436.01
2026-07-28 12:40:00+00:00,63436.0,63448.0,63426.0,63426.0
2026-07-28 12:41:00+00:00,63426.01,63434.0,63425.98,63426.51
2026-07-28 12:42:00+00:00,63426.52,63477.31,63426.51,63464.0
2026-07-28 12:43:00+00:00,63464.01,63477.31,63460.0,63470.26
2026-07-28 12:44:00+00:00,63470.25,63477.31,63470.25,63477.3
2026-07-28 12:45:00+00:00,63477.31,63477.31,63434.32,63451.84
2026-07-28 12:46:00+00:00,63451.85,63547.98,63451.84,63547.98
2026-07-28 12:47:00+00:00,63547.97,63551.99,63540.0,63551.99
2026-07-28 12:48:00+00:00,63552.0,63554.0,63541.56,63550.12
2026-07-28 12:49:00+00:00,63550.11,63561.52,63548.79,63561.52
2026-07-28 12:50:00+00:00,63561.52,63561.52,63504.39,63510.65
2026-07-28 12:51:00+00:00,63510.66,63530.0,63510.65,63530.0
2026-07-28 12:52:00+00:00,63530.0,63530.0,63518.38,63518.38
2026-07-28 12:53:00+00:00,63518.39,63522.0,63504.97,63520.01
2026-07-28 12:54:00+00:00,63520.0,63530.01,63520.0,63530.0
2026-07-28 12:55:00+00:00,63530.01,63545.35,63510.4,63510.41
2026-07-28 12:56:00+00:00,63510.41,63540.0,63510.4,63539.99
2026-07-28 12:57:00+00:00,63540.0,63570.0,63540.0,63565.35
2026-07-28 12:58:00+00:00,63565.35,63566.0,63553.19,63557.88
2026-07-28 12:59:00+00:00,63557.88,63559.64,63544.0,63546.65
2026-07-28 13:00:00+00:00,63546.65,63546.65,63542.0,63543.18
2026-07-28 13:01:00+00:00,63543.18,63552.97,63537.66,63543.23
2026-07-28 13:02:00+00:00,63543.23,63543.23,63519.42,63521.29
2026-07-28 13:03:00+00:00,63521.29,63521.29,63517.06,63517.06
2026-07-28 13:04:00+00:00,63517.06,63536.52,63517.06,63525.35
2026-07-28 13:05:00+00:00,63525.35,63525.35,63518.0,63518.01
2026-07-28 13:06:00+00:00,63518.01,63560.0,63518.01,63558.33
2026-07-28 13:07:00+00:00,63558.33,63577.82,63558.33,63574.53
2026-07-28 13:08:00+00:00,63574.52,63588.0,63563.51,63585.3
2026-07-28 13:09:00+00:00,63585.3,63585.3,63510.0,63510.01
2026-07-28 13:10:00+00:00,63510.0,63510.0,63484.73,63487.59
2026-07-28 13:11:00+00:00,63487.59,63496.77,63487.59,63494.0
2026-07-28 13:12:00+00:00,63494.0,63494.0,63493.99,63493.99
2026-07-28 13:13:00+00:00,63493.99,63494.0,63481.29,63482.51
2026-07-28 13:14:00+00:00,63482.51,63516.01,63482.51,63516.01
2026-07-28 13:15:00+00:00,63516.01,63516.01,63459.86,63488.73
2026-07-28 13:16:00+00:00,63488.73,63491.01,63488.72,63489.8
2026-07-28 13:17:00+00:00,63489.8,63492.0,63473.13,63473.14
2026-07-28 13:18:00+00:00,63473.14,63489.62,63473.13,63489.62
2026-07-28 13:19:00+00:00,63489.97,63489.98,63473.13,63477.99
2026-07-28 13:20:00+00:00,63477.98,63477.99,63477.98,63477.98
2026-07-28 13:21:00+00:00,63477.99,63477.99,63444.22,63448.1
2026-07-28 13:22:00+00:00,63448.11,63448.11,63407.59,63407.6
2026-07-28 13:23:00+00:00,63407.59,63417.69,63393.06,63393.07
2026-07-28 13:24:00+00:00,63393.06,63400.0,63385.99,63400.0
2026-07-28 13:25:00+00:00,63399.99,63399.99,63352.88,63368.0
2026-07-28 13:26:00+00:00,63368.0,63368.0,63350.01,63352.01
2026-07-28 13:27:00+00:00,63352.01,63357.27,63306.5,63306.5
2026-07-28 13:28:00+00:00,63306.5,63316.63,63304.0,63316.62
2026-07-28 13:29:00+00:00,63316.63,63328.33,63310.0,63310.01
2026-07-28 13:30:00+00:00,63310.0,63392.39,63288.36,63333.79
2026-07-28 13:31:00+00:00,63333.78,63348.49,63277.01,63332.0
2026-07-28 13:32:00+00:00,63332.0,63332.0,63175.75,63270.87
2026-07-28 13:33:00+00:00,63269.8,63291.59,63250.0,63259.22
2026-07-28 13:34:00+00:00,63259.23,63276.47,63245.31,63251.0
2026-07-28 13:35:00+00:00,63251.01,63368.94,63251.0,63368.93
2026-07-28 13:36:00+00:00,63368.94,63386.55,63280.73,63290.23
2026-07-28 13:37:00+00:00,63290.23,63293.98,63168.92,63174.42
2026-07-28 13:38:00+00:00,63174.43,63187.37,63133.0,63133.01
2026-07-28 13:39:00+00:00,63133.0,63133.01,62890.0,62964.0
2026-07-28 13:40:00+00:00,62964.0,63063.44,62914.01,63063.43
2026-07-28 13:41:00+00:00,63063.43,63100.0,62977.69,63033.7
2026-07-28 13:42:00+00:00,63033.7,63059.62,62968.94,62978.98
2026-07-28 13:43:00+00:00,62978.99,63014.88,62953.26,63004.42
2026-07-28 13:44:00+00:00,63004.42,63040.01,62972.24,62991.28
2026-07-28 13:45:00+00:00,62991.28,63014.69,62918.22,62952.01
2026-07-28 13:46:00+00:00,62952.01,62952.01,62840.63,62852.92
2026-07-28 13:47:00+00:00,62851.55,62867.28,62742.47,62786.01
2026-07-28 13:48:00+00:00,62786.01,62946.01,62786.0,62946.0
2026-07-28 13:49:00+00:00,62946.0,62972.31,62888.0,62924.31
2026-07-28 13:50:00+00:00,62924.31,63000.0,62918.73,62996.68
2026-07-28 13:51:00+00:00,62996.69,63040.01,62976.64,63026.48
2026-07-28 13:52:00+00:00,63026.48,63068.0,63011.36,63040.01
2026-07-28 13:53:00+00:00,63040.01,63040.01,62989.36,63022.0
2026-07-28 13:54:00+00:00,63021.99,63060.0,63010.0,63010.01
2026-07-28 13:55:00+00:00,63010.0,63026.0,63004.38,63022.33
2026-07-28 13:56:00+00:00,63022.33,63114.0,63022.33,63114.0
2026-07-28 13:57:00+00:00,63114.0,63120.03,63066.0,63073.67
2026-07-28 13:58:00+00:00,63073.67,63094.0,63066.49,63086.0
2026-07-28 13:59:00+00:00,63086.0,63104.0,63078.0,63104.0
2026-07-28 14:00:00+00:00,63104.0,63219.99,63103.99,63219.99
2026-07-28 14:01:00+00:00,63220.0,63229.99,63187.27,63195.73
2026-07-28 14:02:00+00:00,63195.98,63224.0,63182.02,63184.04
2026-07-28 14:03:00+00:00,63184.04,63188.35,63154.0,63180.0
2026-07-28 14:04:00+00:00,63180.01,63200.0,63159.47,63194.0
2026-07-28 14:05:00+00:00,63194.0,63264.57,63180.0,63258.3
2026-07-28 14:06:00+00:00,63258.29,63300.0,63243.23,63300.0
2026-07-28 14:07:00+00:00,63300.0,63308.0,63260.0,63262.53
2026-07-28 14:08:00+00:00,63262.52,63262.52,63190.06,63226.0
2026-07-28 14:09:00+00:00,63226.01,63228.57,63200.0,63200.0
2026-07-28 14:10:00+00:00,63200.0,63240.0,63185.38,63220.0
2026-07-28 14:11:00+00:00,63220.01,63268.0,63218.0,63268.0
2026-07-28 14:12:00+00:00,63268.65,63291.42,63224.03,63230.45
2026-07-28 14:13:00+00:00,63230.44,63252.0,63224.99,63225.0
2026-07-28 14:14:00+00:00,63224.99,63225.0,63144.08,63153.7
2026-07-28 14:15:00+00:00,63153.7,63183.95,63081.69,63107.99
2026-07-28 14:16:00+00:00,63108.0,63112.0,63009.51,63023.12
2026-07-28 14:17:00+00:00,63023.13,63033.26,63016.0,63033.26
2026-07-28 14:18:00+00:00,63033.55,63040.0,62965.38,63007.18
2026-07-28 14:19:00+00:00,63007.17,63007.17,62981.16,62981.17
2026-07-28 14:20:00+00:00,62981.16,63040.0,62981.16,63018.0
2026-07-28 14:21:00+00:00,63018.01,63129.41,62980.35,63113.31
2026-07-28 14:22:00+00:00,63113.32,63132.79,63056.0,63068.01
2026-07-28 14:23:00+00:00,63068.0,63151.96,63046.0,63151.96
2026-07-28 14:24:00+00:00,63151.95,63234.83,63151.95,63210.0
2026-07-28 14:25:00+00:00,63210.01,63226.0,63178.0,63181.99
2026-07-28 14:26:00+00:00,63181.99,63230.66,63158.0,63208.0
2026-07-28 14:27:00+00:00,63208.01,63247.39,63176.06,63176.06
2026-07-28 14:28:00+00:00,63176.01,63193.92,63162.0,63166.0
2026-07-28 14:29:00+00:00,63166.0,63200.0,63162.0,63184.91
2026-07-28 14:30:00+00:00,63184.91,63227.99,63184.9,63209.82
2026-07-28 14:31:00+00:00,63209.83,63247.39,63179.15,63212.95
2026-07-28 14:32:00+00:00,63212.95,63232.0,63180.0,63189.98
2026-07-28 14:33:00+00:00,63189.98,63204.0,63166.1,63175.49
2026-07-28 14:34:00+00:00,63175.49,63194.01,63159.2,63161.41
2026-07-28 14:35:00+00:00,63161.41,63244.0,63156.0,63244.0
2026-07-28 14:36:00+00:00,63243.99,63382.67,63243.99,63336.38
2026-07-28 14:37:00+00:00,63336.37,63342.0,63299.99,63320.94
2026-07-28 14:38:00+00:00,63320.93,63336.02,63271.81,63280.05
2026-07-28 14:39:00+00:00,63280.05,63280.05,63220.0,63230.48
2026-07-28 14:40:00+00:00,63230.49,63303.67,63230.0,63303.43
2026-07-28 14:41:00+00:00,63303.43,63408.13,63303.43,63408.13
2026-07-28 14:42:00+00:00,63408.13,63424.09,63357.06,63382.47
2026-07-28 14:43:00+00:00,63382.47,63400.0,63362.57,63393.3
2026-07-28 14:44:00+00:00,63393.31,63396.0,63336.0,63358.0
2026-07-28 14:45:00+00:00,63358.01,63375.0,63331.17,63331.18
2026-07-28 14:46:00+00:00,63331.18,63371.99,63326.1,63358.53
2026-07-28 14:47:00+00:00,63358.98,63440.44,63358.97,63410.0
2026-07-28 14:48:00+00:00,63410.01,63499.59,63410.0,63488.0
2026-07-28 14:49:00+00:00,63488.01,63488.01,63466.0,63487.99
2026-07-28 14:50:00+00:00,63488.0,63511.53,63483.76,63484.01
2026-07-28 14:51:00+00:00,63484.01,63500.0,63466.0,63493.24
2026-07-28 14:52:00+00:00,63493.24,63500.0,63444.96,63465.0
2026-07-28 14:53:00+00:00,63465.01,63550.0,63465.01,63490.01
2026-07-28 14:54:00+00:00,63490.01,63491.96,63442.91,63462.33
2026-07-28 14:55:00+00:00,63462.34,63518.0,63462.34,63480.01
2026-07-28 14:56:00+00:00,63480.01,63480.01,63460.0,63469.62
2026-07-28 14:57:00+00:00,63469.63,63469.63,63436.0,63436.0
2026-07-28 14:58:00+00:00,63436.01,63436.01,63428.5,63433.17
2026-07-28 14:59:00+00:00,63433.17,63433.7,63406.02,63412.45
2026-07-28 15:00:00+00:00,63412.45,63439.75,63396.0,63439.74
2026-07-28 15:01:00+00:00,63439.75,63463.26,63434.0,63434.01
2026-07-28 15:02:00+00:00,63434.01,63445.99,63353.66,63354.01
2026-07-28 15:03:00+00:00,63354.01,63354.01,63315.13,63322.01
2026-07-28 15:04:00+00:00,63322.01,63346.0,63305.17,63316.6
2026-07-28 15:05:00+00:00,63316.6,63316.6,63269.28,63307.99
2026-07-28 15:06:00+00:00,63308.0,63386.0,63307.99,63355.07
2026-07-28 15:07:00+00:00,63355.07,63355.07,63306.0,63318.61
2026-07-28 15:08:00+00:00,63318.62,63340.0,63310.0,63339.99
2026-07-28 15:09:00+00:00,63340.0,63411.01,63339.99,63411.01
2026-07-28 15:10:00+00:00,63411.01,63477.08,63381.2,63384.0
2026-07-28 15:11:00+00:00,63384.0,63412.0,63362.0,63400.0
2026-07-28 15:12:00+00:00,63400.0,63490.0,63390.0,63478.02
2026-07-28 15:13:00+00:00,63478.03,63478.03,63429.99,63462.0
2026-07-28 15:14:00+00:00,63462.0,63495.17,63462.0,63462.26
2026-07-28 15:15:00+00:00,63462.26,63462.26,63406.0,63410.0
2026-07-28 15:16:00+00:00,63410.0,63417.99,63390.93,63402.82
2026-07-28 15:17:00+00:00,63402.82,63411.6,63370.0,63411.59
2026-07-28 15:18:00+00:00,63411.6,63430.0,63403.68,63412.0
2026-07-28 15:19:00+00:00,63412.0,63412.0,63400.0,63403.0
2026-07-28 15:20:00+00:00,63403.01,63603.0,63403.01,63592.01
2026-07-28 15:21:00+00:00,63592.01,63784.65,63592.0,63778.31
2026-07-28 15:22:00+00:00,63778.31,63794.15,63716.0,63719.05
2026-07-28 15:23:00+00:00,63719.05,63816.65,63719.05,63795.39
2026-07-28 15:24:00+00:00,63795.4,63928.07,63762.01,63880.05
2026-07-28 15:25:00+00:00,63880.06,63928.07,63856.01,63873.55
2026-07-28 15:26:00+00:00,63873.55,63941.91,63866.61,63941.91
2026-07-28 15:27:00+00:00,63941.91,63986.21,63830.0,63830.0
2026-07-28 15:28:00+00:00,63830.0,63830.01,63790.01,63790.01
2026-07-28 15:29:00+00:00,63790.0,63794.64,63748.0,63754.28
2026-07-28 15:30:00+00:00,63754.28,63779.63,63715.05,63733.07
2026-07-28 15:31:00+00:00,63733.06,63758.0,63700.0,63738.38
2026-07-28 15:32:00+00:00,63738.39,63790.0,63724.83,63724.84
2026-07-28 15:33:00+00:00,63724.83,63773.99,63724.12,63773.98
2026-07-28 15:34:00+00:00,63773.98,63850.0,63773.98,63786.0
2026-07-28 15:35:00+00:00,63786.0,63809.99,63768.47,63809.99
2026-07-28 15:36:00+00:00,63810.0,63850.0,63798.44,63812.06
2026-07-28 15:37:00+00:00,63812.06,63842.0,63780.01,63842.0
2026-07-28 15:38:00+00:00,63842.0,63867.72,63841.99,63844.68
2026-07-28 15:39:00+00:00,63844.67,63848.0,63800.33,63843.44
2026-07-28 15:40:00+00:00,63843.43,63861.98,63808.86,63860.97
2026-07-28 15:41:00+00:00,63860.96,63944.0,63860.96,63895.21
2026-07-28 15:42:00+00:00,63895.2,63908.76,63852.0,63852.01
2026-07-28 15:43:00+00:00,63852.01,63895.99,63852.0,63858.01
2026-07-28 15:44:00+00:00,63858.01,63874.0,63853.09,63873.54
2026-07-28 15:45:00+00:00,63873.55,63906.0,63866.0,63889.99
2026-07-28 15:46:00+00:00,63890.0,63975.93,63890.0,63918.01
2026-07-28 15:47:00+00:00,63918.0,64026.62,63900.18,63988.01
2026-07-28 15:48:00+00:00,63988.0,63988.01,63936.0,63936.0
2026-07-28 15:49:00+00:00,63936.01,63936.01,63873.54,63890.0
2026-07-28 15:50:00+00:00,63890.01,63890.01,63834.0,63840.0
2026-07-28 15:51:00+00:00,63840.0,63864.0,63836.01,63836.01
2026-07-28 15:52:00+00:00,63836.0,63860.0,63822.0,63859.98
2026-07-28 15:53:00+00:00,63859.98,63900.0,63852.0,63885.45
2026-07-28 15:54:00+00:00,63885.45,63885.45,63850.0,63861.87
2026-07-28 15:55:00+00:00,63861.87,63861.87,63798.36,63825.0
2026-07-28 15:56:00+00:00,63825.01,63868.46,63825.0,63862.0
2026-07-28 15:57:00+00:00,63862.0,63878.1,63852.0,63878.1
2026-07-28 15:58:00+00:00,63878.1,63910.0,63872.0,63910.0
2026-07-28 15:59:00+00:00,63910.0,63931.97,63907.44,63928.47
2026-07-28 16:00:00+00:00,63928.46,63928.47,63902.01,63926.66
2026-07-28 16:01:00+00:00,63926.66,63936.0,63911.21,63911.21
2026-07-28 16:02:00+00:00,63911.22,63916.52,63904.11,63908.85
2026-07-28 16:03:00+00:00,63908.84,63918.0,63906.0,63910.78
2026-07-28 16:04:00+00:00,63910.78,63910.78,63886.0,63886.01
2026-07-28 16:05:00+00:00,63886.0,63901.99,63883.03,63883.03
2026-07-28 16:06:00+00:00,63883.02,63883.02,63851.71,63860.23
2026-07-28 16:07:00+00:00,63860.23,63875.82,63829.7,63829.7
2026-07-28 16:08:00+00:00,63829.69,63847.99,63828.0,63837.77
2026-07-28 16:09:00+00:00,63837.78,63847.98,63828.0,63847.98
2026-07-28 16:10:00+00:00,63847.97,63847.97,63821.35,63821.35
2026-07-28 16:11:00+00:00,63821.35,63872.0,63821.35,63870.74
2026-07-28 16:12:00+00:00,63870.75,63882.0,63848.0,63851.3
2026-07-28 16:13:00+00:00,63851.3,63856.14,63815.54,63815.54
2026-07-28 16:14:00+00:00,63815.54,63815.54,63803.94,63814.0
2026-07-28 16:15:00+00:00,63814.0,63835.09,63807.53,63818.0
2026-07-28 16:16:00+00:00,63817.99,63823.92,63817.99,63823.91
2026-07-28 16:17:00+00:00,63823.9,63849.38,63806.01,63834.01
2026-07-28 16:18:00+00:00,63834.0,63858.92,63828.0,63846.0
2026-07-28 16:19:00+00:00,63845.99,63950.0,63845.99,63925.6
2026-07-28 16:20:00+00:00,63925.6,63944.57,63900.42,63905.37
2026-07-28 16:21:00+00:00,63905.37,63912.0,63885.0,63885.0
2026-07-28 16:22:00+00:00,63885.0,63885.01,63825.79,63828.35
2026-07-28 16:23:00+00:00,63828.35,63829.37,63800.0,63802.56
2026-07-28 16:24:00+00:00,63802.57,63839.93,63801.47,63839.93
2026-07-28 16:25:00+00:00,63839.93,63839.93,63814.0,63834.0
2026-07-28 16:26:00+00:00,63833.99,63849.41,63833.99,63846.0
2026-07-28 16:27:00+00:00,63845.99,63854.0,63816.62,63835.99
2026-07-28 16:28:00+00:00,63835.99,63849.76,63835.99,63840.47
2026-07-28 16:29:00+00:00,63840.47,63848.77,63835.2,63842.0
2026-07-28 16:30:00+00:00,63842.01,63842.01,63786.37,63786.37
2026-07-28 16:31:00+00:00,63786.38,63795.33,63773.65,63795.33
2026-07-28 16:32:00+00:00,63795.33,63855.11,63795.33,63855.11
2026-07-28 16:33:00+00:00,63855.12,63874.63,63844.0,63844.76
2026-07-28 16:34:00+00:00,63844.76,63860.73,63804.39,63804.4
2026-07-28 16:35:00+00:00,63804.4,63827.99,63804.39,63811.26
2026-07-28 16:36:00+00:00,63811.25,63824.0,63809.32,63809.37
2026-07-28 16:37:00+00:00,63809.37,63819.42,63798.36,63805.34
2026-07-28 16:38:00+00:00,63805.34,63826.79,63798.36,63826.79
2026-07-28 16:39:00+00:00,63826.78,63843.91,63824.32,63843.91
2026-07-28 16:40:00+00:00,63843.91,63874.62,63843.91,63865.44
2026-07-28 16:41:00+00:00,63865.44,63909.83,63865.44,63909.83
2026-07-28 16:42:00+00:00,63909.83,63920.0,63890.0,63909.99
2026-07-28 16:43:00+00:00,63909.99,63946.0,63909.99,63943.44
2026-07-28 16:44:00+00:00,63943.43,63943.44,63907.19,63912.0
2026-07-28 16:45:00+00:00,63912.0,63933.37,63903.16,63933.36
2026-07-28 16:46:00+00:00,63933.36,63933.37,63866.18,63866.18
2026-07-28 16:47:00+00:00,63866.18,63926.82,63866.18,63907.67
2026-07-28 16:48:00+00:00,63907.66,63907.67,63894.35,63894.35
2026-07-28 16:49:00+00:00,63894.35,63929.62,63891.79,63919.99
2026-07-28 16:50:00+00:00,63920.0,63974.0,63919.99,63962.02
2026-07-28 16:51:00+00:00,63962.02,64068.96,63962.02,64068.28
2026-07-28 16:52:00+00:00,64068.29,64086.0,64058.01,64072.59
2026-07-28 16:53:00+00:00,64072.59,64100.0,64060.11,64083.68
2026-07-28 16:54:00+00:00,64083.69,64083.69,64058.0,64058.01
2026-07-28 16:55:00+00:00,64058.0,64058.01,64041.08,64041.09
2026-07-28 16:56:00+00:00,64041.09,64041.09,64024.0,64024.01
2026-07-28 16:57:00+00:00,64024.01,64071.91,64024.0,64066.01
2026-07-28 16:58:00+00:00,64066.0,64066.01,64030.0,64030.01
2026-07-28 16:59:00+00:00,64030.0,64043.27,64030.0,64043.26
2026-07-28 17:00:00+00:00,64043.27,64043.27,64016.01,64016.01
2026-07-28 17:01:00+00:00,64016.0,64018.7,63994.12,63994.12
2026-07-28 17:02:00+00:00,63994.12,64008.0,63981.75,63998.01
2026-07-28 17:03:00+00:00,63998.0,63998.01,63977.48,63977.49
2026-07-28 17:04:00+00:00,63977.49,63993.99,63966.0,63978.61
2026-07-28 17:05:00+00:00,63978.62,63988.34,63976.32,63980.04
2026-07-28 17:06:00+00:00,63980.04,63980.04,63946.0,63955.99
2026-07-28 17:07:00+00:00,63955.99,63955.99,63942.51,63942.52
2026-07-28 17:08:00+00:00,63942.52,63942.52,63865.98,63877.29
2026-07-28 17:09:00+00:00,63877.29,63877.29,63852.88,63858.48
2026-07-28 17:10:00+00:00,63858.49,63858.49,63810.0,63824.73
2026-07-28 17:11:00+00:00,63824.73,63834.0,63791.86,63810.0
2026-07-28 17:12:00+00:00,63810.0,63836.0,63809.99,63834.0
2026-07-28 17:13:00+00:00,63834.0,63854.0,63806.0,63807.87
2026-07-28 17:14:00+00:00,63807.87,63807.87,63804.89,63804.9
2026-07-28 17:15:00+00:00,63804.9,63830.88,63802.0,63804.01
2026-07-28 17:16:00+00:00,63804.0,63804.01,63768.47,63791.83
2026-07-28 17:17:00+00:00,63792.0,63811.99,63743.0,63744.29
2026-07-28 17:18:00+00:00,63744.28,63744.29,63715.66,63732.42
2026-07-28 17:19:00+00:00,63732.41,63742.0,63720.0,63729.98
2026-07-28 17:20:00+00:00,63729.98,63826.0,63694.7,63814.28
2026-07-28 17:21:00+00:00,63814.29,63826.0,63786.0,63794.0
2026-07-28 17:22:00+00:00,63793.99,63824.38,63788.46,63823.99
2026-07-28 17:23:00+00:00,63824.0,63834.0,63782.12,63782.13
2026-07-28 17:24:00+00:00,63782.12,63782.12,63750.0,63750.01
2026-07-28 17:25:00+00:00,63750.0,63756.0,63742.0,63756.0
2026-07-28 17:26:00+00:00,63755.99,63756.0,63722.79,63732.73
2026-07-28 17:27:00+00:00,63732.73,63776.98,63732.73,63771.99
2026-07-28 17:28:00+00:00,63772.0,63774.0,63744.0,63744.01
2026-07-28 17:29:00+00:00,63744.01,63744.01,63736.0,63736.01
2026-07-28 17:30:00+00:00,63736.01,63736.01,63685.88,63691.15
2026-07-28 17:31:00+00:00,63691.15,63691.16,63644.01,63644.01
2026-07-28 17:32:00+00:00,63644.0,63650.6,63600.0,63625.0
2026-07-28 17:33:00+00:00,63625.0,63648.0,63598.0,63647.99
2026-07-28 17:34:00+00:00,63648.0,63665.71,63647.99,63650.01
2026-07-28 17:35:00+00:00,63650.0,63661.31,63650.0,63661.3
2026-07-28 17:36:00+00:00,63661.3,63661.3,63612.0,63612.0
2026-07-28 17:37:00+00:00,63612.0,63612.01,63508.01,63522.73
2026-07-28 17:38:00+00:00,63522.72,63553.62,63504.0,63544.92
2026-07-28 17:39:00+00:00,63544.93,63550.0,63526.72,63550.0
2026-07-28 17:40:00+00:00,63550.0,63591.01,63530.0,63590.98
2026-07-28 17:41:00+00:00,63589.06,63600.53,63586.0,63593.45
2026-07-28 17:42:00+00:00,63593.46,63612.82,63572.0,63572.0
2026-07-28 17:43:00+00:00,63572.01,63574.81,63545.16,63574.81
2026-07-28 17:44:00+00:00,63574.8,63574.81,63562.0,63564.97
2026-07-28 17:45:00+00:00,63564.97,63602.0,63563.33,63601.99
2026-07-28 17:46:00+00:00,63602.0,63620.8,63597.5,63620.79
2026-07-28 17:47:00+00:00,63620.79,63635.66,63620.0,63620.0
2026-07-28 17:48:00+00:00,63620.01,63672.58,63620.0,63672.58
2026-07-28 17:49:00+00:00,63672.58,63687.19,63666.21,63667.31
2026-07-28 17:50:00+00:00,63667.32,63667.32,63622.84,63622.84
2026-07-28 17:51:00+00:00,63622.85,63634.06,63618.0,63634.06
2026-07-28 17:52:00+00:00,63634.05,63638.0,63624.0,63624.0
2026-07-28 17:53:00+00:00,63624.0,63627.2,63608.0,63627.19
2026-07-28 17:54:00+00:00,63627.2,63650.96,63618.0,63618.0
2026-07-28 17:55:00+00:00,63618.0,63632.0,63612.0,63612.01
2026-07-28 17:56:00+00:00,63612.0,63633.47,63611.14,63633.47
2026-07-28 17:57:00+00:00,63633.46,63652.67,63633.46,63643.58
2026-07-28 17:58:00+00:00,63643.59,63649.11,63636.48,63649.11
2026-07-28 17:59:00+00:00,63649.11,63685.88,63649.1,63685.88
2026-07-28 18:00:00+00:00,63685.88,63774.0,63685.17,63764.01
2026-07-28 18:01:00+00:00,63764.0,63795.62,63756.01,63764.38
2026-07-28 18:02:00+00:00,63764.37,63791.18,63764.37,63780.0
2026-07-28 18:03:00+00:00,63779.99,63849.09,63779.74,63810.01
2026-07-28 18:04:00+00:00,63810.01,63813.11,63794.0,63794.01
2026-07-28 18:05:00+00:00,63794.01,63794.01,63744.94,63744.95
2026-07-28 18:06:00+00:00,63744.95,63766.0,63735.05,63754.01
2026-07-28 18:07:00+00:00,63754.01,63754.01,63732.0,63739.91
2026-07-28 18:08:00+00:00,63739.91,63754.0,63720.0,63720.0
2026-07-28 18:09:00+00:00,63720.01,63736.55,63720.0,63726.01
2026-07-28 18:10:00+00:00,63726.01,63753.99,63716.53,63748.01
2026-07-28 18:11:00+00:00,63748.01,63748.01,63728.0,63735.7
2026-07-28 18:12:00+00:00,63735.43,63735.43,63720.0,63725.02
2026-07-28 18:13:00+00:00,63725.01,63725.02,63700.0,63717.99
2026-07-28 18:14:00+00:00,63718.0,63718.0,63680.91,63696.0
2026-07-28 18:15:00+00:00,63695.99,63717.75,63687.63,63708.69
2026-07-28 18:16:00+00:00,63708.7,63720.58,63706.01,63720.57
2026-07-28 18:17:00+00:00,63720.58,63720.58,63681.3,63694.01
2026-07-28 18:18:00+00:00,63694.0,63701.66,63694.0,63701.65
2026-07-28 18:19:00+00:00,63701.66,63701.66,63686.09,63690.0
2026-07-28 18:20:00+00:00,63690.01,63710.0,63690.0,63710.0
2026-07-28 18:21:00+00:00,63710.0,63722.02,63705.99,63714.01
2026-07-28 18:22:00+00:00,63714.0,63733.08,63714.0,63723.64
2026-07-28 18:23:00+00:00,63723.63,63741.12,63712.0,63734.23
2026-07-28 18:24:00+00:00,63734.22,63734.23,63720.01,63720.01
2026-07-28 18:25:00+00:00,63720.0,63720.0,63702.0,63702.0
2026-07-28 18:26:00+00:00,63702.0,63702.01,63684.35,63693.58
2026-07-28 18:27:00+00:00,63693.58,63704.66,63686.0,63704.65
2026-07-28 18:28:00+00:00,63704.66,63710.66,63699.55,63704.65
2026-07-28 18:29:00+00:00,63704.66,63704.66,63694.89,63701.24
2026-07-28 18:30:00+00:00,63701.24,63724.0,63680.01,63680.01
2026-07-28 18:31:00+00:00,63680.0,63682.0,63672.26,63672.27
2026-07-28 18:32:00+00:00,63672.27,63700.09,63672.26,63700.09
2026-07-28 18:33:00+00:00,63700.08,63741.1,63700.08,63741.1
2026-07-28 18:34:00+00:00,63741.11,63750.0,63741.1,63746.0
2026-07-28 18:35:00+00:00,63746.0,63746.01,63706.63,63715.99
2026-07-28 18:36:00+00:00,63716.0,63721.11,63708.0,63708.01
2026-07-28 18:37:00+00:00,63708.01,63750.82,63708.0,63750.82
2026-07-28 18:38:00+00:00,63750.82,63752.71,63734.6,63752.0
2026-07-28 18:39:00+00:00,63752.0,63752.0,63717.17,63722.0
2026-07-28 18:40:00+00:00,63721.99,63724.54,63721.99,63724.53
2026-07-28 18:41:00+00:00,63724.53,63724.54,63721.99,63721.99
2026-07-28 18:42:00+00:00,63722.0,63756.0,63714.0,63756.0
2026-07-28 18:43:00+00:00,63755.99,63774.62,63755.99,63766.0
2026-07-28 18:44:00+00:00,63766.01,63766.01,63759.44,63760.0
2026-07-28 18:45:00+00:00,63760.0,63764.87,63744.01,63764.86
2026-07-28 18:46:00+00:00,63764.86,63785.4,63759.01,63785.4
2026-07-28 18:47:00+00:00,63785.39,63788.0,63764.0,63767.73
2026-07-28 18:48:00+00:00,63767.74,63796.0,63767.73,63786.51
2026-07-28 18:49:00+00:00,63786.51,63796.0,63780.43,63780.44
2026-07-28 18:50:00+00:00,63780.44,63780.44,63776.43,63776.44
2026-07-28 18:51:00+00:00,63776.44,63796.0,63776.44,63786.01
2026-07-28 18:52:00+00:00,63786.0,63786.01,63714.15,63714.15
2026-07-28 18:53:00+00:00,63714.16,63714.16,63714.15,63714.15
2026-07-28 18:54:00+00:00,63714.15,63714.16,63702.0,63702.1
2026-07-28 18:55:00+00:00,63702.11,63702.11,63694.0,63700.58
2026-07-28 18:56:00+00:00,63700.58,63718.84,63700.57,63718.84
2026-07-28 18:57:00+00:00,63718.84,63737.4,63718.83,63732.3
2026-07-28 18:58:00+00:00,63732.29,63734.5,63728.0,63734.49
2026-07-28 18:59:00+00:00,63734.5,63734.5,63734.49,63734.49
2026-07-28 19:00:00+00:00,63734.49,63782.6,63734.49,63782.59
2026-07-28 19:01:00+00:00,63782.6,63782.6,63768.47,63775.99
2026-07-28 19:02:00+00:00,63776.0,63833.99,63776.0,63833.99
2026-07-28 19:03:00+00:00,63834.0,63844.23,63823.39,63838.0
2026-07-28 19:04:00+00:00,63838.0,63838.01,63815.05,63824.01
2026-07-28 19:05:00+00:00,63824.0,63856.7,63814.21,63856.7
2026-07-28 19:06:00+00:00,63856.7,63860.0,63800.34,63800.35
2026-07-28 19:07:00+00:00,63800.34,63806.0,63794.0,63794.01
2026-07-28 19:08:00+00:00,63794.0,63794.01,63748.52,63748.52
2026-07-28 19:09:00+00:00,63748.52,63782.0,63748.52,63782.0
2026-07-28 19:10:00+00:00,63781.99,63786.97,63778.01,63778.01
2026-07-28 19:11:00+00:00,63778.0,63783.57,63769.26,63783.56
2026-07-28 19:12:00+00:00,63783.57,63783.57,63776.0,63776.0
2026-07-28 19:13:00+00:00,63776.01,63776.01,63760.0,63760.0
2026-07-28 19:14:00+00:00,63760.0,63761.87,63760.0,63761.86
2026-07-28 19:15:00+00:00,63761.87,63761.87,63740.8,63740.8
2026-07-28 19:16:00+00:00,63740.81,63753.5,63732.94,63732.94
2026-07-28 19:17:00+00:00,63732.95,63750.59,63732.94,63737.96
2026-07-28 19:18:00+00:00,63737.96,63737.96,63724.0,63736.01
2026-07-28 19:19:00+00:00,63736.01,63744.36,63730.0,63737.7
2026-07-28 19:20:00+00:00,63737.71,63747.1,63728.0,63747.1
2026-07-28 19:21:00+00:00,63747.09,63748.83,63736.04,63743.73
2026-07-28 19:22:00+00:00,63743.72,63754.86,63743.72,63754.85
2026-07-28 19:23:00+00:00,63754.86,63800.0,63754.86,63767.98
2026-07-28 19:24:00+00:00,63767.98,63767.98,63764.0,63765.68
2026-07-28 19:25:00+00:00,63765.67,63765.68,63740.0,63745.2
2026-07-28 19:26:00+00:00,63745.2,63753.53,63740.0,63740.01
2026-07-28 19:27:00+00:00,63740.0,63748.58,63731.61,63748.58
2026-07-28 19:28:00+00:00,63748.58,63761.26,63748.57,63761.26
2026-07-28 19:29:00+00:00,63761.25,63761.26,63754.0,63754.0
2026-07-28 19:30:00+00:00,63754.01,63873.55,63754.01,63859.06
2026-07-28 19:31:00+00:00,63859.07,63862.42,63818.8,63818.81
2026-07-28 19:32:00+00:00,63818.81,63820.26,63810.0,63810.73
2026-07-28 19:33:00+00:00,63810.73,63832.73,63810.73,63826.01
2026-07-28 19:34:00+00:00,63826.01,63831.01,63822.32,63831.01
2026-07-28 19:35:00+00:00,63831.0,63850.94,63812.31,63821.7
2026-07-28 19:36:00+00:00,63821.7,63824.09,63788.0,63811.88
2026-07-28 19:37:00+00:00,63811.88,63814.0,63806.0,63814.0
2026-07-28 19:38:00+00:00,63814.0,63814.0,63798.01,63800.0
2026-07-28 19:39:00+00:00,63800.0,63800.01,63768.47,63770.75
2026-07-28 19:40:00+00:00,63770.76,63776.0,63768.47,63775.99
2026-07-28 19:41:00+00:00,63775.99,63775.99,63752.67,63753.19
2026-07-28 19:42:00+00:00,63753.19,63764.2,63744.01,63744.02
2026-07-28 19:43:00+00:00,63744.02,63744.02,63711.04,63711.04
2026-07-28 19:44:00+00:00,63711.04,63711.05,63688.42,63697.99
2026-07-28 19:45:00+00:00,63698.0,63708.0,63690.0,63691.99
2026-07-28 19:46:00+00:00,63691.99,63706.83,63675.93,63706.82
2026-07-28 19:47:00+00:00,63706.83,63733.79,63706.83,63726.14
2026-07-28 19:48:00+00:00,63726.15,63736.0,63726.14,63736.0
2026-07-28 19:49:00+00:00,63735.99,63736.0,63726.14,63730.0
2026-07-28 19:50:00+00:00,63729.99,63746.0,63720.01,63745.99
2026-07-28 19:51:00+00:00,63745.99,63772.0,63745.99,63762.01
2026-07-28 19:52:00+00:00,63762.01,63773.7,63749.23,63773.7
2026-07-28 19:53:00+00:00,63773.69,63807.44,63773.69,63807.43
2026-07-28 19:54:00+00:00,63807.44,63831.03,63804.87,63831.03
2026-07-28 19:55:00+00:00,63831.03,63838.0,63810.05,63837.99
2026-07-28 19:56:00+00:00,63838.0,63857.14,63835.39,63857.13
2026-07-28 19:57:00+00:00,63857.14,63870.96,63857.13,63870.95
2026-07-28 19:58:00+00:00,63870.95,63870.96,63858.0,63861.99
2026-07-28 19:59:00+00:00,63862.0,63904.0,63862.0,63904.0
2026-07-28 20:00:00+00:00,63904.0,63978.62,63902.26,63945.47
2026-07-28 20:01:00+00:00,63945.47,63952.28,63911.43,63918.01
2026-07-28 20:02:00+00:00,63918.01,63918.01,63882.01,63882.01
2026-07-28 20:03:00+00:00,63882.0,63939.94,63880.0,63932.01
2026-07-28 20:04:00+00:00,63932.0,63968.0,63920.38,63962.0
2026-07-28 20:05:00+00:00,63962.01,63989.83,63936.0,63936.01
2026-07-28 20:06:00+00:00,63936.0,63936.0,63894.27,63905.99
2026-07-28 20:07:00+00:00,63906.0,63926.97,63905.99,63916.01
2026-07-28 20:08:00+00:00,63916.0,63923.27,63904.57,63911.89
2026-07-28 20:09:00+00:00,63911.9,63952.0,63911.9,63952.0
2026-07-28 20:10:00+00:00,63952.0,63952.0,63922.16,63927.88
2026-07-28 20:11:00+00:00,63927.88,63948.0,63927.88,63947.99
2026-07-28 20:12:00+00:00,63948.0,63956.0,63947.99,63955.99
2026-07-28 20:13:00+00:00,63956.0,63978.0,63956.0,63977.99
2026-07-28 20:14:00+00:00,63978.0,63994.48,63977.99,63989.71
2026-07-28 20:15:00+00:00,63989.7,63999.0,63982.02,63999.0
2026-07-28 20:16:00+00:00,63998.99,64018.39,63998.99,64015.81
2026-07-28 20:17:00+00:00,64015.81,64015.81,63988.8,63988.9
2026-07-28 20:18:00+00:00,63988.91,63998.16,63975.43,63998.16
2026-07-28 20:19:00+00:00,63998.17,63999.05,63990.0,63990.0
2026-07-28 20:20:00+00:00,63990.01,63990.01,63973.99,63973.99
2026-07-28 20:21:00+00:00,63973.99,63974.0,63922.0,63925.81
2026-07-28 20:22:00+00:00,63925.8,63950.0,63925.8,63945.44
2026-07-28 20:23:00+00:00,63945.43,63945.44,63940.01,63940.01
2026-07-28 20:24:00+00:00,63940.0,63940.0,63922.8,63922.8
2026-07-28 20:25:00+00:00,63922.8,63935.64,63922.8,63935.64
2026-07-28 20:26:00+00:00,63935.64,63944.28,63925.09,63925.09
2026-07-28 20:27:00+00:00,63925.09,63925.1,63912.84,63925.1
2026-07-28 20:28:00+00:00,63925.09,63925.1,63904.22,63906.06
2026-07-28 20:29:00+00:00,63906.05,63916.65,63898.11,63902.86
2026-07-28 20:30:00+00:00,63902.87,63902.87,63902.86,63902.86
2026-07-28 20:31:00+00:00,63902.86,63908.79,63894.0,63908.79
2026-07-28 20:32:00+00:00,63908.79,63921.16,63908.78,63921.16
2026-07-28 20:33:00+00:00,63921.15,63921.16,63905.0,63908.95
2026-07-28 20:34:00+00:00,63908.96,63920.21,63904.92,63904.93
2026-07-28 20:35:00+00:00,63904.92,63939.03,63904.92,63937.52
2026-07-28 20:36:00+00:00,63937.52,63937.53,63937.52,63937.52
2026-07-28 20:37:00+00:00,63937.53,63937.53,63882.32,63915.15
2026-07-28 20:38:00+00:00,63915.16,63915.16,63885.08,63891.64
2026-07-28 20:39:00+00:00,63891.64,63891.65,63881.68,63881.69
2026-07-28 20:40:00+00:00,63881.68,63888.04,63881.68,63888.03
2026-07-28 20:41:00+00:00,63888.03,63911.0,63888.03,63910.99
2026-07-28 20:42:00+00:00,63910.99,63936.8,63910.99,63936.8
2026-07-28 20:43:00+00:00,63936.8,63937.53,63930.0,63930.01
2026-07-28 20:44:00+00:00,63930.0,63930.01,63930.0,63930.01
2026-07-28 20:45:00+00:00,63930.01,63934.0,63930.01,63930.02
2026-07-28 20:46:00+00:00,63930.01,63930.02,63923.37,63923.37
2026-07-28 20:47:00+00:00,63923.36,63923.36,63901.42,63904.0
2026-07-28 20:48:00+00:00,63904.0,63939.03,63903.99,63939.02
2026-07-28 20:49:00+00:00,63939.03,63942.97,63939.02,63942.97
2026-07-28 20:50:00+00:00,63942.97,63942.97,63914.0,63914.0
2026-07-28 20:51:00+00:00,63914.0,63918.98,63914.0,63918.98
2026-07-28 20:52:00+00:00,63918.98,63924.0,63918.97,63923.99
2026-07-28 20:53:00+00:00,63924.0,63934.0,63912.99,63917.99
2026-07-28 20:54:00+00:00,63918.0,63926.0,63917.99,63926.0
2026-07-28 20:55:00+00:00,63926.0,63933.88,63925.06,63932.92
2026-07-28 20:56:00+00:00,63932.93,63932.93,63932.92,63932.93
2026-07-28 20:57:00+00:00,63932.92,63932.93,63932.92,63932.93
2026-07-28 20:58:00+00:00,63932.93,63932.93,63916.24,63916.24
2026-07-28 20:59:00+00:00,63916.24,63917.56,63916.24,63917.55
2026-07-28 21:00:00+00:00,63917.55,63948.0,63917.55,63948.0
2026-07-28 21:01:00+00:00,63948.0,63948.0,63934.01,63934.01
2026-07-28 21:02:00+00:00,63934.0,63948.01,63914.01,63948.0
2026-07-28 21:03:00+00:00,63948.0,63960.0,63948.0,63959.99
2026-07-28 21:04:00+00:00,63960.0,63976.0,63960.0,63976.0
2026-07-28 21:05:00+00:00,63976.0,63994.29,63976.0,63985.52
2026-07-28 21:06:00+00:00,63985.52,63985.53,63944.01,63944.01
2026-07-28 21:07:00+00:00,63944.0,63944.0,63930.01,63937.99
2026-07-28 21:08:00+00:00,63937.99,63938.0,63920.49,63931.99
2026-07-28 21:09:00+00:00,63932.0,63942.0,63931.99,63942.0
2026-07-28 21:10:00+00:00,63941.99,63941.99,63938.75,63938.75
2026-07-28 21:11:00+00:00,63938.76,63941.49,63938.75,63941.48
2026-07-28 21:12:00+00:00,63941.49,63962.87,63941.48,63962.86
2026-07-28 21:13:00+00:00,63962.87,63991.64,63938.73,63941.41
2026-07-28 21:14:00+00:00,63941.42,63941.42,63924.0,63924.0
2026-07-28 21:15:00+00:00,63924.01,63924.01,63922.0,63922.0
2026-07-28 21:16:00+00:00,63922.0,63922.01,63914.13,63914.13
2026-07-28 21:17:00+00:00,63914.13,63914.14,63914.13,63914.13
2026-07-28 21:18:00+00:00,63914.13,63924.0,63914.13,63923.99
2026-07-28 21:19:00+00:00,63923.99,63928.0,63921.58,63921.58
2026-07-28 21:20:00+00:00,63921.59,63921.59,63918.37,63918.37
2026-07-28 21:21:00+00:00,63918.37,63918.38,63918.37,63918.37
2026-07-28 21:22:00+00:00,63918.37,63918.38,63896.0,63896.0
2026-07-28 21:23:00+00:00,63896.01,63904.0,63892.0,63903.99
2026-07-28 21:24:00+00:00,63904.0,63910.0,63903.99,63909.99
2026-07-28 21:25:00+00:00,63909.99,63917.1,63902.75,63917.0
2026-07-28 21:26:00+00:00,63916.99,63919.87,63908.0,63908.0
2026-07-28 21:27:00+00:00,63908.01,63916.0,63908.0,63916.0
2026-07-28 21:28:00+00:00,63916.0,63916.0,63915.99,63916.0
2026-07-28 21:29:00+00:00,63916.0,63920.0,63915.99,63920.0
2026-07-28 21:30:00+00:00,63920.0,63920.0,63910.0,63910.01
2026-07-28 21:31:00+00:00,63910.01,63910.01,63907.93,63907.93
2026-07-28 21:32:00+00:00,63907.94,63907.94,63907.93,63907.93
2026-07-28 21:33:00+00:00,63907.94,63907.94,63907.93,63907.94
2026-07-28 21:34:00+00:00,63907.94,63920.0,63904.0,63920.0
2026-07-28 21:35:00+00:00,63920.0,64016.99,63919.99,64016.99
2026-07-28 21:36:00+00:00,64016.99,64052.0,64002.01,64006.1
2026-07-28 21:37:00+00:00,64006.11,64012.0,63986.0,63986.0
2026-07-28 21:38:00+00:00,63986.0,63998.69,63979.2,63993.32
2026-07-28 21:39:00+00:00,63993.32,64003.73,63989.24,64003.72
2026-07-28 21:40:00+00:00,64003.73,64009.2,64000.0,64000.0
2026-07-28 21:41:00+00:00,64000.0,64031.21,64000.0,64025.26
2026-07-28 21:42:00+00:00,64025.25,64025.26,64009.76,64022.61
2026-07-28 21:43:00+00:00,64022.62,64033.49,64004.1,64032.56
2026-07-28 21:44:00+00:00,64032.56,64042.89,64032.55,64042.89
2026-07-28 21:45:00+00:00,64042.89,64073.3,64034.01,64049.99
2026-07-28 21:46:00+00:00,64050.0,64069.32,64028.49,64036.1
2026-07-28 21:47:00+00:00,64036.1,64045.41,64018.9,64028.17
2026-07-28 21:48:00+00:00,64028.18,64035.36,64014.85,64014.85
2026-07-28 21:49:00+00:00,64014.84,64034.0,64012.92,64030.0
2026-07-28 21:50:00+00:00,64030.01,64038.98,64018.0,64038.98
2026-07-28 21:51:00+00:00,64038.97,64038.98,64014.07,64029.25
2026-07-28 21:52:00+00:00,64029.26,64029.26,64014.25,64014.25
2026-07-28 21:53:00+00:00,64014.26,64017.34,64002.3,64017.34
2026-07-28 21:54:00+00:00,64017.33,64018.0,64000.0,64018.0
2026-07-28 21:55:00+00:00,64017.99,64018.0,64017.99,64017.99
2026-07-28 21:56:00+00:00,64017.99,64018.0,64014.0,64014.01
2026-07-28 21:57:00+00:00,64014.0,64014.01,64014.0,64014.0
2026-07-28 21:58:00+00:00,64014.0,64032.0,64014.0,64018.01
2026-07-28 21:59:00+00:00,64018.0,64018.0,63969.45,63972.44
2026-07-28 22:00:00+00:00,63972.44,63991.17,63920.0,63920.01
2026-07-28 22:01:00+00:00,63920.01,63939.32,63906.5,63908.55
2026-07-28 22:02:00+00:00,63908.55,63968.46,63908.54,63968.46
2026-07-28 22:03:00+00:00,63968.46,63992.85,63956.0,63992.0
2026-07-28 22:04:00+00:00,63991.99,64006.84,63986.0,64006.83
2026-07-28 22:05:00+00:00,64006.83,64013.81,64006.83,64013.8
2026-07-28 22:06:00+00:00,64013.8,64013.8,63986.0,63996.01
2026-07-28 22:07:00+00:00,63996.0,64020.76,63996.0,64013.6
2026-07-28 22:08:00+00:00,64013.4,64016.75,64008.0,64016.75
2026-07-28 22:09:00+00:00,64016.75,64016.75,63978.61,63978.61
2026-07-28 22:10:00+00:00,63978.62,63978.62,63954.0,63954.01
2026-07-28 22:11:00+00:00,63954.01,64006.58,63954.01,64006.57
2026-07-28 22:12:00+00:00,64006.57,64008.0,63994.0,64008.0
2026-07-28 22:13:00+00:00,64007.99,64008.0,63974.99,63974.99
2026-07-28 22:14:00+00:00,63974.98,63991.18,63966.78,63991.17
2026-07-28 22:15:00+00:00,63991.18,64020.76,63991.17,64019.58
2026-07-28 22:16:00+00:00,64019.59,64020.0,64007.25,64018.0
2026-07-28 22:17:00+00:00,64018.0,64018.0,63990.0,64000.0
2026-07-28 22:18:00+00:00,64000.0,64000.0,63962.0,63987.23
2026-07-28 22:19:00+00:00,63987.23,63992.0,63982.0,63982.0
2026-07-28 22:20:00+00:00,63982.01,63982.01,63967.03,63972.0
2026-07-28 22:21:00+00:00,63972.0,63989.99,63971.99,63989.99
2026-07-28 22:22:00+00:00,63989.99,63997.57,63989.99,63990.19
2026-07-28 22:23:00+00:00,63990.19,63990.2,63970.01,63976.8
2026-07-28 22:24:00+00:00,63976.8,63976.81,63950.0,63950.97
2026-07-28 22:25:00+00:00,63950.98,63953.04,63932.01,63937.91
2026-07-28 22:26:00+00:00,63937.92,63937.92,63932.01,63936.62
2026-07-28 22:27:00+00:00,63936.61,63936.62,63932.01,63932.01
2026-07-28 22:28:00+00:00,63932.02,63932.02,63919.92,63919.93
2026-07-28 22:29:00+00:00,63919.92,63919.93,63918.0,63918.01
2026-07-28 22:30:00+00:00,63918.0,63918.0,63883.0,63883.01
2026-07-28 22:31:00+00:00,63883.0,63913.92,63883.0,63896.26
2026-07-28 22:32:00+00:00,63896.26,63896.9,63862.39,63882.99
2026-07-28 22:33:00+00:00,63883.0,63883.0,63864.0,63864.01
2026-07-28 22:34:00+00:00,63864.01,63886.98,63864.0,63873.54
2026-07-28 22:35:00+00:00,63873.54,63873.55,63870.95,63870.96
2026-07-28 22:36:00+00:00,63870.96,63899.19,63870.95,63889.13
2026-07-28 22:37:00+00:00,63889.12,63889.12,63873.54,63883.97
2026-07-28 22:38:00+00:00,63883.97,63883.97,63866.9,63871.99
2026-07-28 22:39:00+00:00,63872.0,63876.0,63864.47,63864.47
2026-07-28 22:40:00+00:00,63864.47,63888.57,63864.47,63888.56
2026-07-28 22:41:00+00:00,63888.56,63897.66,63880.0,63897.65
2026-07-28 22:42:00+00:00,63897.65,63900.93,63897.65,63900.92
2026-07-28 22:43:00+00:00,63900.92,63900.93,63887.04,63887.04
2026-07-28 22:44:00+00:00,63887.05,63887.05,63873.54,63881.99
2026-07-28 22:45:00+00:00,63881.99,63881.99,63860.0,63860.0
2026-07-28 22:46:00+00:00,63860.01,63860.01,63841.1,63841.1
2026-07-28 22:47:00+00:00,63841.1,63841.1,63822.0,63822.01
2026-07-28 22:48:00+00:00,63822.0,63830.44,63808.01,63821.42
2026-07-28 22:49:00+00:00,63821.42,63821.42,63812.99,63813.74
2026-07-28 22:50:00+00:00,63813.73,63813.74,63804.0,63811.98
2026-07-28 22:51:00+00:00,63811.99,63811.99,63777.83,63789.49
2026-07-28 22:52:00+00:00,63789.49,63800.0,63768.47,63799.99
2026-07-28 22:53:00+00:00,63799.99,63801.28,63774.0,63796.83
2026-07-28 22:54:00+00:00,63796.82,63799.33,63782.0,63796.78
2026-07-28 22:55:00+00:00,63796.78,63835.99,63796.77,63835.98
2026-07-28 22:56:00+00:00,63835.98,63854.72,63835.98,63842.75
2026-07-28 22:57:00+00:00,63842.75,63842.76,63826.7,63826.71
2026-07-28 22:58:00+00:00,63826.71,63826.71,63802.0,63802.0
2026-07-28 22:59:00+00:00,63802.0,63802.01,63783.71,63783.71
2026-07-28 23:00:00+00:00,63783.72,63783.72,63751.75,63765.99
2026-07-28 23:01:00+00:00,63766.0,63790.0,63750.0,63750.01
2026-07-28 23:02:00+00:00,63750.01,63750.01,63726.63,63726.63
2026-07-28 23:03:00+00:00,63726.64,63726.64,63709.86,63713.99
2026-07-28 23:04:00+00:00,63713.99,63716.55,63700.0,63712.98
2026-07-28 23:05:00+00:00,63712.98,63729.44,63686.01,63686.14
2026-07-28 23:06:00+00:00,63686.15,63686.15,63656.14,63662.5
2026-07-28 23:07:00+00:00,63662.51,63665.08,63650.0,63657.51
2026-07-28 23:08:00+00:00,63657.5,63657.51,63644.78,63648.0
2026-07-28 23:09:00+00:00,63647.99,63661.07,63620.49,63620.49
2026-07-28 23:10:00+00:00,63620.49,63665.34,63616.0,63658.0
2026-07-28 23:11:00+00:00,63658.0,63658.0,63625.9,63625.9
2026-07-28 23:12:00+00:00,63625.91,63631.61,63625.9,63631.6
2026-07-28 23:13:00+00:00,63631.6,63649.06,63624.0,63624.0
2026-07-28 23:14:00+00:00,63624.0,63628.0,63602.52,63628.0
2026-07-28 23:15:00+00:00,63627.99,63654.0,63621.63,63653.71
2026-07-28 23:16:00+00:00,63653.71,63665.38,63646.0,63648.55
2026-07-28 23:17:00+00:00,63648.56,63648.56,63646.0,63646.0
2026-07-28 23:18:00+00:00,63646.0,63648.56,63636.78,63636.79
2026-07-28 23:19:00+00:00,63636.79,63638.0,63634.01,63634.01
2026-07-28 23:20:00+00:00,63634.02,63655.99,63628.99,63634.84
2026-07-28 23:21:00+00:00,63634.84,63638.59,63634.83,63638.59
2026-07-28 23:22:00+00:00,63638.58,63638.58,63638.57,63638.58
2026-07-28 23:23:00+00:00,63638.58,63638.58,63580.0,63583.89
2026-07-28 23:24:00+00:00,63583.89,63593.97,63583.89,63593.96
2026-07-28 23:25:00+00:00,63593.97,63593.97,63562.0,63568.0
2026-07-28 23:26:00+00:00,63568.0,63610.15,63568.0,63610.15
2026-07-28 23:27:00+00:00,63610.16,63617.7,63598.0,63598.0
2026-07-28 23:28:00+00:00,63598.01,63622.21,63596.0,63622.2
2026-07-28 23:29:00+00:00,63622.21,63638.58,63622.2,63638.57
2026-07-28 23:30:00+00:00,63638.58,63714.0,63638.58,63708.01
2026-07-28 23:31:00+00:00,63708.0,63738.59,63708.0,63738.59
2026-07-28 23:32:00+00:00,63738.58,63766.0,63734.0,63760.0
2026-07-28 23:33:00+00:00,63760.01,63776.24,63760.0,63766.01
2026-07-28 23:34:00+00:00,63766.0,63811.99,63764.0,63811.99
2026-07-28 23:35:00+00:00,63811.98,63816.0,63790.0,63790.01
2026-07-28 23:36:00+00:00,63790.0,63791.42,63790.0,63790.01
2026-07-28 23:37:00+00:00,63790.01,63790.01,63760.0,63762.98
2026-07-28 23:38:00+00:00,63762.99,63786.0,63762.99,63785.99
2026-07-28 23:39:00+00:00,63786.0,63822.01,63768.47,63822.0
2026-07-28 23:40:00+00:00,63822.0,63822.01,63789.15,63808.94
2026-07-28 23:41:00+00:00,63808.94,63840.0,63798.97,63804.34
2026-07-28 23:42:00+00:00,63804.35,63804.35,63780.0,63780.0
2026-07-28 23:43:00+00:00,63780.0,63786.98,63766.09,63786.98
2026-07-28 23:44:00+00:00,63786.97,63846.0,63786.97,63845.95
2026-07-28 23:45:00+00:00,63845.95,63887.79,63820.21,63887.78
2026-07-28 23:46:00+00:00,63887.79,63909.99,63886.0,63895.06
2026-07-28 23:47:00+00:00,63895.06,63927.27,63895.06,63927.26
2026-07-28 23:48:00+00:00,63927.27,63946.0,63927.27,63946.0
2026-07-28 23:49:00+00:00,63945.99,63945.99,63912.0,63912.0
2026-07-28 23:50:00+00:00,63912.01,63916.04,63904.0,63911.99
2026-07-28 23:51:00+00:00,63912.0,63916.04,63888.0,63888.01
2026-07-28 23:52:00+00:00,63888.01,63888.01,63876.0,63881.96
2026-07-28 23:53:00+00:00,63881.96,63916.04,63881.96,63900.0
2026-07-28 23:54:00+00:00,63900.0,63924.99,63880.34,63924.99
2026-07-28 23:55:00+00:00,63924.99,63924.99,63892.0,63898.26
2026-07-28 23:56:00+00:00,63898.25,63924.0,63896.02,63918.44
2026-07-28 23:57:00+00:00,63918.43,63942.0,63910.0,63942.0
2026-07-28 23:58:00+00:00,63942.0,63956.4,63941.99,63955.62
2026-07-28 23:59:00+00:00,63955.62,63955.62,63914.99,63915.0
2026-07-29 00:00:00+00:00,63915.0,64009.06,63914.99,63983.25
2026-07-29 00:01:00+00:00,63983.25,64049.29,63974.0,64009.2
2026-07-29 00:02:00+00:00,64009.2,64047.99,64009.2,64026.0
2026-07-29 00:03:00+00:00,64025.99,64032.0,64020.0,64026.0
2026-07-29 00:04:00+00:00,64026.0,64041.86,64025.99,64041.86
2026-07-29 00:05:00+00:00,64041.85,64200.0,64041.85,64136.92
2026-07-29 00:06:00+00:00,64136.91,64136.91,64060.0,64060.0
2026-07-29 00:07:00+00:00,64060.0,64074.0,64007.59,64069.99
2026-07-29 00:08:00+00:00,64069.99,64070.0,64057.05,64069.99
2026-07-29 00:09:00+00:00,64070.0,64070.0,64044.77,64051.99
2026-07-29 00:10:00+00:00,64051.99,64060.0,64020.0,64020.0
2026-07-29 00:11:00+00:00,64020.0,64023.75,64013.38,64013.39
2026-07-29 00:12:00+00:00,64013.39,64042.0,64013.39,64041.99
2026-07-29 00:13:00+00:00,64042.0,64050.0,64034.0,64048.0
2026-07-29 00:14:00+00:00,64048.01,64048.01,64018.0,64018.01
2026-07-29 00:15:00+00:00,64018.01,64059.13,64011.97,64059.12
2026-07-29 00:16:00+00:00,64059.13,64065.5,64031.25,64057.96
2026-07-29 00:17:00+00:00,64057.96,64084.0,64044.58,64044.58
2026-07-29 00:18:00+00:00,64044.58,64053.06,64022.0,64051.54
2026-07-29 00:19:00+00:00,64051.54,64051.54,64036.0,64051.54
2026-07-29 00:20:00+00:00,64051.54,64064.0,64034.01,64034.01
2026-07-29 00:21:00+00:00,64034.01,64092.0,64012.0,64067.34
2026-07-29 00:22:00+00:00,64067.35,64067.35,64015.94,64015.94
2026-07-29 00:23:00+00:00,64015.94,64015.94,63994.35,64000.0
2026-07-29 00:24:00+00:00,64000.01,64000.01,63971.59,63971.6
2026-07-29 00:25:00+00:00,63971.59,63997.66,63966.66,63997.66
2026-07-29 00:26:00+00:00,63997.65,64005.55,63988.0,63992.95
2026-07-29 00:27:00+00:00,63992.96,63995.63,63987.32,63987.33
2026-07-29 00:28:00+00:00,63987.33,63987.33,63954.0,63954.01
2026-07-29 00:29:00+00:00,63954.01,64012.0,63950.18,64012.0
2026-07-29 00:30:00+00:00,64012.0,64012.0,63952.0,63956.0
2026-07-29 00:31:00+00:00,63956.0,63956.0,63940.72,63940.72
2026-07-29 00:32:00+00:00,63940.71,63940.71,63894.0,63894.6
2026-07-29 00:33:00+00:00,63894.6,63912.0,63885.02,63912.0
2026-07-29 00:34:00+00:00,63912.01,63916.0,63900.0,63900.01
2026-07-29 00:35:00+00:00,63900.01,63900.01,63873.54,63873.55
2026-07-29 00:36:00+00:00,63873.54,63940.5,63873.54,63932.8
2026-07-29 00:37:00+00:00,63932.8,64039.43,63932.8,64039.43
2026-07-29 00:38:00+00:00,64039.44,64083.69,64039.44,64083.69
2026-07-29 00:39:00+00:00,64083.68,64096.0,64056.0,64056.01
2026-07-29 00:40:00+00:00,64056.01,64056.01,64016.8,64030.0
2026-07-29 00:41:00+00:00,64030.01,64041.6,64000.0,64000.0
2026-07-29 00:42:00+00:00,64000.01,64043.21,63994.0,64040.01
2026-07-29 00:43:00+00:00,64040.0,64069.51,64020.0,64069.51
2026-07-29 00:44:00+00:00,64069.51,64084.01,64064.66,64084.01
2026-07-29 00:45:00+00:00,64084.01,64188.75,64084.0,64172.01
2026-07-29 00:46:00+00:00,64172.01,64172.01,64099.26,64099.26
2026-07-29 00:47:00+00:00,64099.27,64122.58,64099.27,64110.0
2026-07-29 00:48:00+00:00,64110.0,64110.2,64028.0,64028.0
2026-07-29 00:49:00+00:00,64028.01,64042.0,64014.54,64034.34
2026-07-29 00:50:00+00:00,64034.33,64041.99,64034.33,64041.97
2026-07-29 00:51:00+00:00,64041.98,64055.65,64038.01,64048.51
2026-07-29 00:52:00+00:00,64048.52,64062.63,64048.51,64060.01
2026-07-29 00:53:00+00:00,64060.01,64086.91,64058.0,64068.01
2026-07-29 00:54:00+00:00,64068.0,64090.54,64068.0,64090.54
2026-07-29 00:55:00+00:00,64090.54,64090.54,64040.0,64050.39
2026-07-29 00:56:00+00:00,64050.39,64050.39,63995.31,63995.31
2026-07-29 00:57:00+00:00,63995.31,63996.0,63988.0,63992.0
2026-07-29 00:58:00+00:00,63992.0,63992.01,63952.0,63952.0
2026-07-29 00:59:00+00:00,63952.01,63958.0,63928.44,63953.99
2026-07-29 01:00:00+00:00,63954.0,63954.0,63922.05,63922.05
2026-07-29 01:01:00+00:00,63922.05,63968.0,63916.01,63966.07
2026-07-29 01:02:00+00:00,63966.07,63988.0,63966.06,63982.86
2026-07-29 01:03:00+00:00,63982.86,63999.0,63982.86,63997.36
2026-07-29 01:04:00+00:00,63997.37,63997.37,63956.0,63986.0
2026-07-29 01:05:00+00:00,63986.0,63986.0,63966.0,63966.76
2026-07-29 01:06:00+00:00,63966.76,63966.76,63927.66,63932.0
2026-07-29 01:07:00+00:00,63932.0,63954.0,63914.89,63954.0
2026-07-29 01:08:00+00:00,63954.0,63960.0,63928.0,63928.01
2026-07-29 01:09:00+00:00,63928.0,63928.01,63910.6,63913.99
2026-07-29 01:10:00+00:00,63914.0,63929.41,63880.0,63880.0
2026-07-29 01:11:00+00:00,63880.0,63880.0,63810.0,63810.01
2026-07-29 01:12:00+00:00,63810.01,63854.0,63798.62,63854.0
2026-07-29 01:13:00+00:00,63854.0,63868.92,63848.0,63864.0
2026-07-29 01:14:00+00:00,63863.99,63863.99,63814.79,63815.97
2026-07-29 01:15:00+00:00,63815.98,63827.4,63802.0,63812.16
2026-07-29 01:16:00+00:00,63812.17,63812.17,63802.0,63811.99
2026-07-29 01:17:00+00:00,63812.0,63815.0,63776.34,63811.99
2026-07-29 01:18:00+00:00,63811.99,63839.99,63792.97,63802.0
2026-07-29 01:19:00+00:00,63801.99,63862.06,63801.99,63858.09
2026-07-29 01:20:00+00:00,63858.09,63895.95,63858.09,63860.01
2026-07-29 01:21:00+00:00,63860.0,63890.0,63856.0,63886.36
2026-07-29 01:22:00+00:00,63886.35,63910.0,63873.54,63910.0
2026-07-29 01:23:00+00:00,63910.0,63943.24,63910.0,63926.0
2026-07-29 01:24:00+00:00,63926.0,63944.07,63906.01,63906.01
2026-07-29 01:25:00+00:00,63906.01,63906.02,63860.0,63901.99
2026-07-29 01:26:00+00:00,63902.0,63933.55,63901.99,63912.0
2026-07-29 01:27:00+00:00,63912.01,63940.98,63912.01,63940.98
2026-07-29 01:28:00+00:00,63940.98,63946.0,63933.55,63933.55
2026-07-29 01:29:00+00:00,63933.56,63940.0,63895.99,63909.99
2026-07-29 01:30:00+00:00,63909.99,63918.0,63850.0,63918.0
2026-07-29 01:31:00+00:00,63918.0,63939.37,63870.0,63873.55
2026-07-29 01:32:00+00:00,63873.54,63901.96,63866.9,63901.66
2026-07-29 01:33:00+00:00,63901.65,63901.66,63848.0,63848.0
2026-07-29 01:34:00+00:00,63848.0,63886.0,63838.0,63880.0
2026-07-29 01:35:00+00:00,63880.0,63880.0,63840.0,63844.22
2026-07-29 01:36:00+00:00,63844.22,63871.67,63844.22,63853.12
2026-07-29 01:37:00+00:00,63853.11,63888.0,63850.0,63874.83
2026-07-29 01:38:00+00:00,63874.83,63874.84,63840.0,63840.01
2026-07-29 01:39:00+00:00,63840.01,63902.0,63830.35,63893.02
2026-07-29 01:40:00+00:00,63893.02,63897.28,63850.94,63856.05
2026-07-29 01:41:00+00:00,63856.05,63874.0,63840.1,63874.0
2026-07-29 01:42:00+00:00,63873.99,63880.0,63837.12,63837.12
2026-07-29 01:43:00+00:00,63837.13,63837.13,63796.79,63796.8
2026-07-29 01:44:00+00:00,63796.79,63827.7,63795.25,63811.36
2026-07-29 01:45:00+00:00,63811.36,63830.16,63768.61,63810.01
2026-07-29 01:46:00+00:00,63810.01,63832.27,63798.63,63824.0
2026-07-29 01:47:00+00:00,63824.01,63826.0,63783.93,63783.94
2026-07-29 01:48:00+00:00,63783.94,63813.42,63772.0,63813.42
2026-07-29 01:49:00+00:00,63813.42,63814.0,63755.33,63757.99
2026-07-29 01:50:00+00:00,63758.0,63798.0,63757.99,63784.8
2026-07-29 01:51:00+00:00,63784.81,63804.0,63742.01,63742.01
2026-07-29 01:52:00+00:00,63742.02,63752.42,63718.0,63744.24
2026-07-29 01:53:00+00:00,63744.25,63744.32,63704.24,63744.32
2026-07-29 01:54:00+00:00,63744.55,63746.0,63731.98,63740.74
2026-07-29 01:55:00+00:00,63740.75,63748.98,63734.0,63747.32
2026-07-29 01:56:00+00:00,63747.32,63747.32,63719.37,63729.78
2026-07-29 01:57:00+00:00,63729.78,63731.42,63706.0,63706.0
2026-07-29 01:58:00+00:00,63706.01,63719.1,63696.0,63719.1
2026-07-29 01:59:00+00:00,63719.1,63719.1,63690.0,63705.06
2026-07-29 02:00:00+00:00,63705.07,63725.79,63658.53,63663.99
2026-07-29 02:01:00+00:00,63663.99,63750.13,63658.0,63750.13
2026-07-29 02:02:00+00:00,63750.12,63750.13,63690.0,63690.0
2026-07-29 02:03:00+00:00,63690.0,63744.0,63686.0,63738.0
2026-07-29 02:04:00+00:00,63738.01,63738.01,63706.0,63706.01
2026-07-29 02:05:00+00:00,63706.01,63729.1,63706.0,63724.89
2026-07-29 02:06:00+00:00,63724.88,63784.0,63722.0,63783.99
2026-07-29 02:07:00+00:00,63784.0,63800.0,63784.0,63795.99
2026-07-29 02:08:00+00:00,63796.0,63798.0,63776.0,63790.82
2026-07-29 02:09:00+00:00,63790.81,63794.43,63776.94,63787.74
2026-07-29 02:10:00+00:00,63787.74,63795.24,63776.65,63786.01
2026-07-29 02:11:00+00:00,63786.0,63798.0,63766.55,63797.69
2026-07-29 02:12:00+00:00,63797.69,63873.55,63797.69,63855.19
2026-07-29 02:13:00+00:00,63855.19,63862.0,63842.0,63854.25
2026-07-29 02:14:00+00:00,63854.25,63854.26,63832.46,63832.47
2026-07-29 02:15:00+00:00,63832.46,63832.47,63802.0,63802.0
2026-07-29 02:16:00+00:00,63802.01,63814.0,63778.85,63778.85
2026-07-29 02:17:00+00:00,63778.85,63778.85,63686.76,63724.0
2026-07-29 02:18:00+00:00,63724.01,63750.0,63716.0,63750.0
2026-07-29 02:19:00+00:00,63750.0,63755.1,63730.44,63747.99
2026-07-29 02:20:00+00:00,63748.0,63773.91,63742.0,63773.91
2026-07-29 02:21:00+00:00,63773.9,63824.98,63768.47,63812.01
2026-07-29 02:22:00+00:00,63812.0,63846.94,63790.0,63846.94
2026-07-29 02:23:00+00:00,63846.93,63882.0,63830.46,63864.38
2026-07-29 02:24:00+00:00,63864.37,63889.63,63844.0,63844.01
2026-07-29 02:25:00+00:00,63844.01,63884.0,63834.35,63884.0
2026-07-29 02:26:00+00:00,63883.99,63894.0,63870.0,63885.77
2026-07-29 02:27:00+00:00,63885.77,63892.0,63876.55,63892.0
2026-07-29 02:28:00+00:00,63892.0,63952.0,63892.0,63948.01
2026-07-29 02:29:00+00:00,63948.0,64023.74,63948.0,64023.74
2026-07-29 02:30:00+00:00,64023.73,64064.81,64000.0,64008.0
2026-07-29 02:31:00+00:00,64008.0,64010.22,63990.0,63997.95
2026-07-29 02:32:00+00:00,63997.95,63997.95,63968.0,63968.48
2026-07-29 02:33:00+00:00,63968.47,63976.0,63954.0,63955.99
2026-07-29 02:34:00+00:00,63956.0,63959.98,63954.0,63954.0
2026-07-29 02:35:00+00:00,63954.01,64002.0,63954.0,63998.01
2026-07-29 02:36:00+00:00,63998.0,64060.0,63998.0,64038.84
2026-07-29 02:37:00+00:00,64038.44,64046.85,64015.49,64017.2
2026-07-29 02:38:00+00:00,64017.2,64051.63,64017.19,64051.62
2026-07-29 02:39:00+00:00,64051.62,64098.0,64040.86,64097.99
2026-07-29 02:40:00+00:00,64098.0,64132.42,64098.0,64098.01
2026-07-29 02:41:00+00:00,64098.0,64099.89,64078.0,64078.01
2026-07-29 02:42:00+00:00,64078.0,64078.01,64040.0,64040.0
2026-07-29 02:43:00+00:00,64040.0,64044.0,64040.0,64043.81
2026-07-29 02:44:00+00:00,64043.82,64043.82,64030.0,64030.01
2026-07-29 02:45:00+00:00,64030.0,64044.0,64008.28,64036.0
2026-07-29 02:46:00+00:00,64036.0,64043.56,64000.14,64000.15
2026-07-29 02:47:00+00:00,64000.14,64000.15,63922.23,63922.23
2026-07-29 02:48:00+00:00,63922.24,63937.77,63911.92,63930.0
2026-07-29 02:49:00+00:00,63930.0,63930.0,63924.16,63930.0
2026-07-29 02:50:00+00:00,63930.0,63957.99,63922.0,63957.99
2026-07-29 02:51:00+00:00,63957.99,63975.24,63944.22,63974.7
2026-07-29 02:52:00+00:00,63974.7,63974.71,63944.12,63950.01
2026-07-29 02:53:00+00:00,63950.0,63956.66,63944.19,63956.66
2026-07-29 02:54:00+00:00,63956.65,63978.1,63956.65,63978.1
2026-07-29 02:55:00+00:00,63978.1,63990.0,63970.0,63970.0
2026-07-29 02:56:00+00:00,63970.01,63984.0,63956.0,63964.36
2026-07-29 02:57:00+00:00,63964.37,63980.73,63964.36,63976.0
2026-07-29 02:58:00+00:00,63976.01,63976.01,63972.0,63972.01
2026-07-29 02:59:00+00:00,63972.01,63979.96,63960.0,63979.96
2026-07-29 03:00:00+00:00,63979.96,63980.0,63951.87,63966.0
2026-07-29 03:01:00+00:00,63965.99,63974.91,63936.08,63936.08
2026-07-29 03:02:00+00:00,63936.09,63936.09,63910.0,63910.01
2026-07-29 03:03:00+00:00,63910.01,63914.0,63856.54,63898.02
2026-07-29 03:04:00+00:00,63898.03,63910.0,63888.0,63898.0
2026-07-29 03:05:00+00:00,63898.0,63922.0,63898.0,63921.99
2026-07-29 03:06:00+00:00,63921.99,63922.0,63894.47,63911.99
2026-07-29 03:07:00+00:00,63911.99,63964.81,63904.32,63952.01
2026-07-29 03:08:00+00:00,63952.0,63983.54,63952.0,63972.25
2026-07-29 03:09:00+00:00,63972.26,64002.0,63972.25,64001.99
2026-07-29 03:10:00+00:00,64002.0,64002.0,63984.0,63996.0
2026-07-29 03:11:00+00:00,63996.01,63999.13,63993.23,63993.23
2026-07-29 03:12:00+00:00,63993.23,63993.24,63972.25,63972.25
2026-07-29 03:13:00+00:00,63972.26,63972.26,63948.38,63948.38
2026-07-29 03:14:00+00:00,63948.38,63948.39,63938.0,63938.01
2026-07-29 03:15:00+00:00,63938.0,63938.01,63915.72,63922.0
2026-07-29 03:16:00+00:00,63922.0,63970.0,63921.99,63970.0
2026-07-29 03:17:00+00:00,63969.99,63970.0,63926.0,63937.99
2026-07-29 03:18:00+00:00,63938.0,63938.0,63914.0,63915.19
2026-07-29 03:19:00+00:00,63915.19,63915.19,63862.73,63869.54
2026-07-29 03:20:00+00:00,63869.53,63914.0,63869.53,63914.0
2026-07-29 03:21:00+00:00,63914.0,63933.99,63902.65,63902.65
2026-07-29 03:22:00+00:00,63902.65,63932.55,63902.65,63932.54
2026-07-29 03:23:00+00:00,63932.55,63940.0,63884.0,63884.0
2026-07-29 03:24:00+00:00,63884.0,63891.86,63864.22,63873.55
2026-07-29 03:25:00+00:00,63873.55,63876.0,63873.54,63873.55
2026-07-29 03:26:00+00:00,63873.54,63873.55,63862.74,63862.74
2026-07-29 03:27:00+00:00,63862.73,63862.74,63828.0,63834.0
2026-07-29 03:28:00+00:00,63834.0,63834.0,63814.0,63814.01
2026-07-29 03:29:00+00:00,63814.01,63814.01,63786.78,63798.0
2026-07-29 03:30:00+00:00,63797.99,63798.0,63720.94,63741.0
2026-07-29 03:31:00+00:00,63741.0,63741.0,63710.0,63734.0
2026-07-29 03:32:00+00:00,63734.0,63748.37,63710.0,63742.39
2026-07-29 03:33:00+00:00,63742.4,63772.04,63742.4,63772.03
2026-07-29 03:34:00+00:00,63772.03,63772.03,63734.0,63746.01
2026-07-29 03:35:00+00:00,63746.0,63771.13,63739.65,63771.12
2026-07-29 03:36:00+00:00,63771.12,63821.93,63771.12,63817.19
2026-07-29 03:37:00+00:00,63817.19,63844.0,63810.0,63843.99
2026-07-29 03:38:00+00:00,63844.0,63870.0,63838.0,63838.0
2026-07-29 03:39:00+00:00,63838.0,63838.01,63792.0,63802.91
2026-07-29 03:40:00+00:00,63802.92,63812.6,63800.0,63800.01
2026-07-29 03:41:00+00:00,63800.01,63800.01,63778.0,63780.0
2026-07-29 03:42:00+00:00,63780.01,63780.01,63763.22,63763.22
2026-07-29 03:43:00+00:00,63763.22,63764.22,63750.24,63764.21
2026-07-29 03:44:00+00:00,63764.21,63775.53,63756.72,63775.53
2026-07-29 03:45:00+00:00,63775.53,63792.0,63775.52,63788.01
2026-07-29 03:46:00+00:00,63788.01,63800.0,63754.4,63754.4
2026-07-29 03:47:00+00:00,63754.4,63769.59,63738.0,63769.59
2026-07-29 03:48:00+00:00,63769.59,63769.59,63742.0,63742.01
2026-07-29 03:49:00+00:00,63742.0,63742.35,63733.99,63734.0
2026-07-29 03:50:00+00:00,63733.99,63758.0,63722.0,63758.0
2026-07-29 03:51:00+00:00,63757.99,63758.0,63728.0,63733.41
2026-07-29 03:52:00+00:00,63733.41,63733.41,63722.0,63730.0
2026-07-29 03:53:00+00:00,63729.99,63734.0,63726.63,63729.39
2026-07-29 03:54:00+00:00,63729.4,63744.02,63718.0,63744.01
2026-07-29 03:55:00+00:00,63744.0,63744.01,63718.0,63730.0
2026-07-29 03:56:00+00:00,63729.99,63736.0,63729.99,63736.0
2026-07-29 03:57:00+00:00,63735.99,63739.96,63724.99,63737.02
2026-07-29 03:58:00+00:00,63737.03,63737.03,63718.0,63733.58
2026-07-29 03:59:00+00:00,63733.59,63753.04,63733.59,63753.03
2026-07-29 04:00:00+00:00,63753.04,63764.0,63726.0,63726.01
2026-07-29 04:01:00+00:00,63726.0,63726.01,63703.27,63703.27
2026-07-29 04:02:00+00:00,63703.28,63723.5,63681.61,63714.01
2026-07-29 04:03:00+00:00,63714.0,63732.0,63670.59,63670.6
2026-07-29 04:04:00+00:00,63670.6,63671.33,63650.0,63652.88
2026-07-29 04:05:00+00:00,63652.89,63662.44,63650.0,63656.0
2026-07-29 04:06:00+00:00,63656.0,63656.0,63604.61,63610.39
2026-07-29 04:07:00+00:00,63610.38,63669.99,63598.0,63669.99
2026-07-29 04:08:00+00:00,63670.0,63704.0,63669.99,63704.0
2026-07-29 04:09:00+00:00,63703.99,63771.9,63703.99,63768.48
2026-07-29 04:10:00+00:00,63768.47,63768.48,63724.0,63724.0
2026-07-29 04:11:00+00:00,63724.0,63724.0,63704.0,63712.55
2026-07-29 04:12:00+00:00,63712.55,63760.38,63709.36,63760.38
2026-07-29 04:13:00+00:00,63760.38,63768.0,63754.49,63754.5
2026-07-29 04:14:00+00:00,63754.5,63754.5,63732.38,63742.0
2026-07-29 04:15:00+00:00,63741.99,63742.0,63717.24,63718.01
2026-07-29 04:16:00+00:00,63718.0,63718.01,63690.0,63695.44
2026-07-29 04:17:00+00:00,63695.43,63718.0,63690.0,63698.0
2026-07-29 04:18:00+00:00,63698.01,63698.01,63664.89,63666.41
2026-07-29 04:19:00+00:00,63666.41,63689.1,63634.62,63689.09
2026-07-29 04:20:00+00:00,63689.1,63699.36,63654.19,63659.3
2026-07-29 04:21:00+00:00,63659.29,63675.07,63633.65,63633.65
2026-07-29 04:22:00+00:00,63633.66,63690.57,63633.65,63689.01
2026-07-29 04:23:00+00:00,63689.0,63699.11,63680.44,63699.11
2026-07-29 04:24:00+00:00,63699.11,63787.06,63699.11,63785.04
2026-07-29 04:25:00+00:00,63785.03,63788.0,63754.01,63767.11
2026-07-29 04:26:00+00:00,63767.12,63786.74,63760.0,63786.73
2026-07-29 04:27:00+00:00,63786.73,63819.47,63786.73,63819.47
2026-07-29 04:28:00+00:00,63819.47,63834.51,63806.14,63806.15
2026-07-29 04:29:00+00:00,63806.14,63812.0,63788.81,63808.0
2026-07-29 04:30:00+00:00,63807.99,63826.0,63792.0,63820.0
2026-07-29 04:31:00+00:00,63820.0,63821.91,63794.0,63821.91
2026-07-29 04:32:00+00:00,63821.91,63822.0,63794.0,63794.0
2026-07-29 04:33:00+00:00,63794.0,63817.76,63786.0,63794.0
2026-07-29 04:34:00+00:00,63794.0,63805.02,63779.44,63805.01
2026-07-29 04:35:00+00:00,63805.01,63844.42,63805.01,63838.01
2026-07-29 04:36:00+00:00,63838.01,63884.24,63834.09,63873.55
2026-07-29 04:37:00+00:00,63873.54,63906.25,63873.54,63900.0
2026-07-29 04:38:00+00:00,63900.01,63956.15,63900.0,63936.01
2026-07-29 04:39:00+00:00,63936.01,63936.01,63902.0,63916.0
2026-07-29 04:40:00+00:00,63916.01,63917.69,63900.0,63907.68
2026-07-29 04:41:00+00:00,63907.68,63911.15,63894.0,63894.0
2026-07-29 04:42:00+00:00,63894.01,63894.01,63884.0,63888.1
2026-07-29 04:43:00+00:00,63888.11,63888.98,63880.0,63886.0
2026-07-29 04:44:00+00:00,63886.01,63886.01,63866.74,63866.74
2026-07-29 04:45:00+00:00,63866.74,63866.75,63846.1,63860.0
2026-07-29 04:46:00+00:00,63860.0,63885.99,63859.99,63873.55
2026-07-29 04:47:00+00:00,63873.54,63909.86,63873.54,63900.0
2026-07-29 04:48:00+00:00,63900.01,63900.01,63892.26,63898.0
2026-07-29 04:49:00+00:00,63898.0,63900.0,63857.58,63857.99
2026-07-29 04:50:00+00:00,63858.0,63892.78,63857.99,63864.0
2026-07-29 04:51:00+00:00,63864.0,63926.83,63857.58,63916.01
2026-07-29 04:52:00+00:00,63916.0,63918.0,63904.01,63904.01
2026-07-29 04:53:00+00:00,63904.0,63923.21,63904.0,63912.01
2026-07-29 04:54:00+00:00,63912.01,63924.66,63905.5,63924.66
2026-07-29 04:55:00+00:00,63924.66,63937.59,63899.2,63924.01
2026-07-29 04:56:00+00:00,63924.01,63936.0,63918.0,63926.43
2026-07-29 04:57:00+00:00,63926.43,63926.43,63910.36,63915.67
2026-07-29 04:58:00+00:00,63915.68,63946.4,63915.67,63946.39
2026-07-29 04:59:00+00:00,63946.39,63970.92,63937.71,63968.34
2026-07-29 05:00:00+00:00,63968.34,63976.01,63963.66,63976.01
2026-07-29 05:01:00+00:00,63976.01,63979.91,63964.0,63979.9
2026-07-29 05:02:00+00:00,63979.9,63979.91,63974.18,63976.74
2026-07-29 05:03:00+00:00,63976.74,64000.0,63976.74,63980.93
2026-07-29 05:04:00+00:00,63980.92,63990.4,63958.0,63960.47
2026-07-29 05:05:00+00:00,63960.47,63960.48,63932.29,63943.99
2026-07-29 05:06:00+00:00,63943.99,63983.04,63943.99,63983.03
2026-07-29 05:07:00+00:00,63983.04,63984.0,63970.0,63983.99
2026-07-29 05:08:00+00:00,63984.0,63995.42,63983.99,63990.0
2026-07-29 05:09:00+00:00,63990.0,63990.01,63974.29,63978.61
2026-07-29 05:10:00+00:00,63978.61,64012.97,63976.32,64012.96
2026-07-29 05:11:00+00:00,64012.96,64020.0,64008.0,64020.0
2026-07-29 05:12:00+00:00,64019.99,64020.0,64000.0,64000.01
2026-07-29 05:13:00+00:00,64000.01,64004.09,63998.29,64004.09
2026-07-29 05:14:00+00:00,64004.09,64004.84,63995.44,63996.29
2026-07-29 05:15:00+00:00,63996.29,63996.29,63950.83,63950.84
2026-07-29 05:16:00+00:00,63950.83,63956.0,63946.0,63946.01
2026-07-29 05:17:00+00:00,63946.0,63946.01,63926.4,63929.26
2026-07-29 05:18:00+00:00,63929.26,63929.26,63926.18,63926.19
2026-07-29 05:19:00+00:00,63926.19,63926.19,63926.18,63926.18
2026-07-29 05:20:00+00:00,63926.19,63930.03,63890.07,63918.0
2026-07-29 05:21:00+00:00,63918.0,63927.4,63896.0,63924.93
2026-07-29 05:22:00+00:00,63924.93,63990.0,63924.93,63990.0
2026-07-29 05:23:00+00:00,63990.0,63997.29,63963.1,63963.1
2026-07-29 05:24:00+00:00,63963.1,63963.11,63915.99,63933.28
2026-07-29 05:25:00+00:00,63933.27,63979.96,63933.27,63952.98
2026-07-29 05:26:00+00:00,63952.98,63960.6,63952.04,63952.05
2026-07-29 05:27:00+00:00,63952.04,63971.71,63952.04,63971.7
2026-07-29 05:28:00+00:00,63971.7,63981.88,63960.0,63960.0
2026-07-29 05:29:00+00:00,63960.01,63960.01,63950.0,63950.01
2026-07-29 05:30:00+00:00,63950.0,63950.01,63919.42,63943.99
2026-07-29 05:31:00+00:00,63944.0,63957.11,63943.99,63952.01
2026-07-29 05:32:00+00:00,63952.01,63984.69,63952.0,63970.73
2026-07-29 05:33:00+00:00,63970.72,63984.93,63970.72,63978.62
2026-07-29 05:34:00+00:00,63978.62,63990.0,63965.01,63990.0
2026-07-29 05:35:00+00:00,63990.0,64030.0,63989.99,64029.85
2026-07-29 05:36:00+00:00,64029.86,64044.0,64013.43,64013.43
2026-07-29 05:37:00+00:00,64013.42,64013.43,63992.0,63992.01
2026-07-29 05:38:00+00:00,63992.0,64029.97,63992.0,64029.96
2026-07-29 05:39:00+00:00,64029.96,64033.17,64026.48,64027.8
2026-07-29 05:40:00+00:00,64027.8,64041.35,64000.43,64041.35
2026-07-29 05:41:00+00:00,64041.35,64045.04,64011.71,64023.11
2026-07-29 05:42:00+00:00,64023.12,64043.63,64023.12,64043.62
2026-07-29 05:43:00+00:00,64043.62,64045.04,64020.73,64020.73
2026-07-29 05:44:00+00:00,64020.74,64020.74,64018.0,64018.0
2026-07-29 05:45:00+00:00,64018.01,64034.0,64006.28,64012.82
2026-07-29 05:46:00+00:00,64012.82,64033.12,64012.81,64024.48
2026-07-29 05:47:00+00:00,64024.48,64044.01,64024.48,64036.0
2026-07-29 05:48:00+00:00,64035.86,64042.82,64022.34,64038.83
2026-07-29 05:49:00+00:00,64038.83,64042.19,64023.45,64034.25
2026-07-29 05:50:00+00:00,64034.24,64044.0,64028.03,64044.0
2026-07-29 05:51:00+00:00,64044.0,64070.0,64043.99,64059.69
2026-07-29 05:52:00+00:00,64059.7,64072.33,64044.07,64072.33
2026-07-29 05:53:00+00:00,64072.33,64079.01,64072.33,64079.0
2026-07-29 05:54:00+00:00,64079.01,64090.91,64079.0,64090.91
2026-07-29 05:55:00+00:00,64090.9,64094.2,64083.68,64083.69
2026-07-29 05:56:00+00:00,64083.68,64083.69,64061.65,64063.13
2026-07-29 05:57:00+00:00,64063.12,64072.54,64063.12,64069.6
2026-07-29 05:58:00+00:00,64069.6,64069.6,64050.05,64057.91
2026-07-29 05:59:00+00:00,64057.91,64069.6,64057.9,64067.32
2026-07-29 06:00:00+00:00,64067.32,64067.32,64026.64,64036.41
2026-07-29 06:01:00+00:00,64036.4,64078.0,64036.4,64076.88
2026-07-29 06:02:00+00:00,64076.88,64099.17,64076.87,64084.79
2026-07-29 06:03:00+00:00,64084.79,64098.0,64083.68,64083.68
2026-07-29 06:04:00+00:00,64083.68,64083.69,64062.19,64070.0
2026-07-29 06:05:00+00:00,64070.01,64083.99,64065.68,64078.0
2026-07-29 06:06:00+00:00,64078.01,64082.0,64075.99,64082.0
2026-07-29 06:07:00+00:00,64082.0,64093.71,64081.99,64088.0
2026-07-29 06:08:00+00:00,64088.01,64088.01,64079.96,64081.7
2026-07-29 06:09:00+00:00,64081.69,64081.7,64043.65,64052.24
2026-07-29 06:10:00+00:00,64052.24,64054.69,64044.19,64054.69
2026-07-29 06:11:00+00:00,64054.68,64083.7,64054.68,64078.0
2026-07-29 06:12:00+00:00,64078.0,64088.5,64078.0,64083.69
2026-07-29 06:13:00+00:00,64083.68,64100.0,64083.68,64099.99
2026-07-29 06:14:00+00:00,64100.0,64148.69,64099.99,64123.7
2026-07-29 06:15:00+00:00,64123.7,64123.7,64100.0,64100.01
2026-07-29 06:16:00+00:00,64100.0,64110.0,64096.01,64109.99
2026-07-29 06:17:00+00:00,64110.0,64129.25,64109.99,64129.24
2026-07-29 06:18:00+00:00,64129.25,64136.04,64112.19,64136.03
2026-07-29 06:19:00+00:00,64136.03,64137.1,64124.07,64128.11
2026-07-29 06:20:00+00:00,64128.1,64137.76,64124.08,64137.76
2026-07-29 06:21:00+00:00,64137.75,64165.13,64137.75,64140.0
2026-07-29 06:22:00+00:00,64140.0,64151.97,64132.9,64151.96
2026-07-29 06:23:00+00:00,64151.96,64173.0,64151.96,64171.99
2026-07-29 06:24:00+00:00,64172.0,64197.48,64171.99,64194.91
2026-07-29 06:25:00+00:00,64194.91,64264.76,64194.88,64264.37
2026-07-29 06:26:00+00:00,64264.36,64296.0,64254.0,64254.0
2026-07-29 06:27:00+00:00,64254.0,64347.0,64254.0,64341.55
2026-07-29 06:28:00+00:00,64341.56,64393.29,64309.02,64384.01
2026-07-29 06:29:00+00:00,64384.0,64409.97,64380.0,64403.0
2026-07-29 06:30:00+00:00,64403.0,64436.0,64386.01,64402.52
2026-07-29 06:31:00+00:00,64402.52,64439.82,64389.88,64389.88
2026-07-29 06:32:00+00:00,64389.89,64471.0,64388.74,64446.0
2026-07-29 06:33:00+00:00,64446.0,64463.37,64410.0,64420.01
2026-07-29 06:34:00+00:00,64420.01,64426.0,64404.0,64425.72
2026-07-29 06:35:00+00:00,64425.72,64455.63,64422.15,64453.18
2026-07-29 06:36:00+00:00,64453.19,64453.19,64434.0,64441.5
2026-07-29 06:37:00+00:00,64441.5,64448.11,64436.0,64448.11
2026-07-29 06:38:00+00:00,64448.1,64450.0,64410.0,64412.7
2026-07-29 06:39:00+00:00,64412.7,64428.0,64412.69,64428.0
2026-07-29 06:40:00+00:00,64428.0,64437.42,64427.99,64437.42
2026-07-29 06:41:00+00:00,64437.42,64457.95,64437.41,64440.01
2026-07-29 06:42:00+00:00,64440.0,64440.01,64431.09,64432.24
2026-07-29 06:43:00+00:00,64432.24,64432.25,64432.24,64432.24
2026-07-29 06:44:00+00:00,64432.25,64463.0,64432.24,64462.99
2026-07-29 06:45:00+00:00,64463.0,64463.0,64415.55,64415.55
2026-07-29 06:46:00+00:00,64415.56,64425.27,64411.46,64411.46
2026-07-29 06:47:00+00:00,64411.47,64441.13,64411.46,64441.12
2026-07-29 06:48:00+00:00,64441.13,64451.89,64411.56,64411.56
2026-07-29 06:49:00+00:00,64411.55,64413.04,64400.0,64410.0
2026-07-29 06:50:00+00:00,64409.99,64440.0,64409.99,64436.0
2026-07-29 06:51:00+00:00,64436.0,64438.34,64416.04,64422.01
2026-07-29 06:52:00+00:00,64422.01,64435.96,64420.44,64435.95
2026-07-29 06:53:00+00:00,64435.95,64453.47,64428.22,64428.22
2026-07-29 06:54:00+00:00,64428.22,64432.0,64410.76,64421.1
2026-07-29 06:55:00+00:00,64421.09,64421.09,64414.8,64419.99
2026-07-29 06:56:00+00:00,64420.0,64424.0,64416.0,64423.99
2026-07-29 06:57:00+00:00,64423.99,64424.0,64413.55,64423.99
2026-07-29 06:58:00+00:00,64424.0,64435.63,64423.99,64435.62
2026-07-29 06:59:00+00:00,64435.62,64435.63,64435.62,64435.62
2026-07-29 07:00:00+00:00,64435.63,64444.0,64435.62,64435.63
2026-07-29 07:01:00+00:00,64435.62,64435.63,64408.02,64412.85
2026-07-29 07:02:00+00:00,64412.85,64418.0,64410.93,64417.99
2026-07-29 07:03:00+00:00,64417.99,64418.0,64402.67,64410.26
2026-07-29 07:04:00+00:00,64410.25,64425.85,64410.25,64425.85
2026-07-29 07:05:00+00:00,64425.85,64425.85,64425.84,64425.84
2026-07-29 07:06:00+00:00,64425.84,64438.51,64425.84,64438.51
2026-07-29 07:07:00+00:00,64438.5,64483.43,64438.5,64456.13
2026-07-29 07:08:00+00:00,64456.13,64468.01,64456.0,64459.71
2026-07-29 07:09:00+00:00,64459.72,64459.72,64459.71,64459.71
2026-07-29 07:10:00+00:00,64459.71,64465.47,64459.71,64465.47
2026-07-29 07:11:00+00:00,64465.47,64470.0,64456.0,64456.01
2026-07-29 07:12:00+00:00,64456.01,64483.94,64456.0,64483.93
2026-07-29 07:13:00+00:00,64483.93,64494.92,64462.94,64462.95
2026-07-29 07:14:00+00:00,64462.94,64468.69,64462.94,64466.0
2026-07-29 07:15:00+00:00,64466.01,64466.01,64460.0,64462.57
2026-07-29 07:16:00+00:00,64462.57,64468.68,64450.22,64458.43
2026-07-29 07:17:00+00:00,64458.43,64458.43,64447.76,64454.66
2026-07-29 07:18:00+00:00,64454.67,64459.99,64433.22,64433.23
2026-07-29 07:19:00+00:00,64433.23,64488.79,64433.23,64488.78
2026-07-29 07:20:00+00:00,64488.78,64503.0,64488.78,64503.0
2026-07-29 07:21:00+00:00,64502.99,64508.0,64452.56,64452.57
2026-07-29 07:22:00+00:00,64452.56,64452.57,64432.17,64434.01
2026-07-29 07:23:00+00:00,64434.01,64471.61,64434.0,64471.61
2026-07-29 07:24:00+00:00,64471.6,64471.61,64441.12,64441.13
2026-07-29 07:25:00+00:00,64441.12,64451.9,64441.12,64447.16
2026-07-29 07:26:00+00:00,64447.16,64462.56,64447.16,64462.56
2026-07-29 07:27:00+00:00,64462.56,64488.0,64462.55,64476.54
2026-07-29 07:28:00+00:00,64476.55,64508.0,64476.54,64508.0
2026-07-29 07:29:00+00:00,64508.0,64508.0,64507.98,64507.98
2026-07-29 07:30:00+00:00,64507.98,64518.0,64489.91,64489.91
2026-07-29 07:31:00+00:00,64489.91,64489.91,64470.02,64479.69
2026-07-29 07:32:00+00:00,64479.68,64483.07,64478.47,64483.06
2026-07-29 07:33:00+00:00,64483.07,64483.07,64454.0,64454.0
2026-07-29 07:34:00+00:00,64454.0,64454.01,64443.27,64443.27
2026-07-29 07:35:00+00:00,64443.27,64452.09,64441.31,64441.31
2026-07-29 07:36:00+00:00,64441.31,64442.07,64441.31,64442.07
2026-07-29 07:37:00+00:00,64442.07,64458.01,64442.06,64450.58
2026-07-29 07:38:00+00:00,64450.58,64450.59,64450.58,64450.58
2026-07-29 07:39:00+00:00,64450.58,64458.53,64450.58,64458.52
2026-07-29 07:40:00+00:00,64458.52,64478.12,64458.52,64471.31
2026-07-29 07:41:00+00:00,64471.31,64471.32,64471.31,64471.32
2026-07-29 07:42:00+00:00,64471.31,64478.12,64470.0,64476.53
2026-07-29 07:43:00+00:00,64476.53,64490.76,64476.52,64490.75
2026-07-29 07:44:00+00:00,64490.76,64498.0,64486.85,64498.0
2026-07-29 07:45:00+00:00,64497.99,64498.0,64474.83,64474.83
2026-07-29 07:46:00+00:00,64474.83,64496.0,64474.83,64495.99
2026-07-29 07:47:00+00:00,64495.99,64505.17,64495.99,64498.8
2026-07-29 07:48:00+00:00,64498.8,64498.81,64498.79,64498.79
2026-07-29 07:49:00+00:00,64498.8,64516.0,64498.79,64515.99
2026-07-29 07:50:00+00:00,64515.99,64517.41,64513.1,64513.1
2026-07-29 07:51:00+00:00,64513.1,64513.11,64494.45,64494.46
2026-07-29 07:52:00+00:00,64494.45,64494.46,64482.0,64487.16
2026-07-29 07:53:00+00:00,64487.16,64489.75,64482.0,64482.0
2026-07-29 07:54:00+00:00,64482.0,64482.01,64460.02,64460.02
2026-07-29 07:55:00+00:00,64460.01,64485.0,64460.01,64485.0
2026-07-29 07:56:00+00:00,64484.99,64493.88,64484.99,64493.42
2026-07-29 07:57:00+00:00,64493.42,64507.27,64485.58,64506.0
2026-07-29 07:58:00+00:00,64505.99,64550.0,64505.99,64549.99
2026-07-29 07:59:00+00:00,64549.99,64575.99,64549.99,64561.0
2026-07-29 08:00:00+00:00,64561.01,64588.0,64551.5,64551.5
2026-07-29 08:01:00+00:00,64551.51,64557.74,64518.34,64518.35
2026-07-29 08:02:00+00:00,64518.35,64554.61,64518.34,64524.0
2026-07-29 08:03:00+00:00,64524.01,64528.1,64521.2,64521.21
2026-07-29 08:04:00+00:00,64521.2,64535.61,64521.2,64522.38
2026-07-29 08:05:00+00:00,64522.37,64522.38,64498.0,64499.13
2026-07-29 08:06:00+00:00,64499.14,64507.59,64484.99,64484.99
2026-07-29 08:07:00+00:00,64484.99,64485.0,64473.34,64476.01
2026-07-29 08:08:00+00:00,64476.01,64482.0,64470.0,64470.01
2026-07-29 08:09:00+00:00,64470.0,64470.01,64432.0,64433.45
2026-07-29 08:10:00+00:00,64433.44,64433.45,64412.53,64413.7
2026-07-29 08:11:00+00:00,64413.69,64413.7,64380.68,64380.69
2026-07-29 08:12:00+00:00,64380.68,64385.85,64366.02,64366.02
2026-07-29 08:13:00+00:00,64366.02,64396.71,64359.35,64396.7
2026-07-29 08:14:00+00:00,64396.7,64396.71,64376.0,64376.0
2026-07-29 08:15:00+00:00,64376.0,64376.01,64370.0,64370.01
2026-07-29 08:16:00+00:00,64370.0,64380.0,64364.0,64380.0
2026-07-29 08:17:00+00:00,64379.99,64380.0,64379.99,64380.0
2026-07-29 08:18:00+00:00,64380.0,64394.23,64379.99,64394.23
2026-07-29 08:19:00+00:00,64394.22,64395.59,64380.0,64395.58
2026-07-29 08:20:00+00:00,64395.58,64395.59,64395.58,64395.58
2026-07-29 08:21:00+00:00,64395.59,64403.71,64390.64,64400.21
2026-07-29 08:22:00+00:00,64400.22,64400.22,64380.0,64380.01
2026-07-29 08:23:00+00:00,64380.01,64380.01,64334.99,64334.99
2026-07-29 08:24:00+00:00,64334.98,64342.0,64334.98,64342.0
2026-07-29 08:25:00+00:00,64342.0,64342.0,64300.0,64309.99
2026-07-29 08:26:00+00:00,64309.99,64311.21,64302.0,64308.43
2026-07-29 08:27:00+00:00,64308.42,64314.58,64300.0,64314.57
2026-07-29 08:28:00+00:00,64314.57,64314.66,64283.83,64297.63
2026-07-29 08:29:00+00:00,64297.63,64305.95,64297.63,64301.99
2026-07-29 08:30:00+00:00,64301.99,64321.62,64284.03,64321.61
2026-07-29 08:31:00+00:00,64321.61,64339.97,64321.61,64335.89
2026-07-29 08:32:00+00:00,64335.9,64344.0,64330.48,64342.58
2026-07-29 08:33:00+00:00,64342.58,64342.59,64323.92,64323.92
2026-07-29 08:34:00+00:00,64323.93,64323.93,64306.66,64306.66
2026-07-29 08:35:00+00:00,64306.67,64316.0,64306.08,64315.99
2026-07-29 08:36:00+00:00,64315.99,64317.66,64315.99,64317.66
2026-07-29 08:37:00+00:00,64317.66,64334.56,64317.66,64329.41
2026-07-29 08:38:00+00:00,64329.42,64329.42,64326.82,64329.42
2026-07-29 08:39:00+00:00,64329.42,64329.42,64321.21,64321.22
2026-07-29 08:40:00+00:00,64321.21,64329.91,64321.21,64329.9
2026-07-29 08:41:00+00:00,64329.91,64329.91,64329.9,64329.91
2026-07-29 08:42:00+00:00,64329.91,64358.0,64329.9,64358.0
2026-07-29 08:43:00+00:00,64357.99,64400.0,64357.99,64399.99
2026-07-29 08:44:00+00:00,64400.0,64433.88,64399.99,64433.87
2026-07-29 08:45:00+00:00,64433.88,64500.0,64433.87,64500.0
2026-07-29 08:46:00+00:00,64500.0,64523.68,64499.99,64523.66
2026-07-29 08:47:00+00:00,64523.66,64523.66,64503.95,64515.9
2026-07-29 08:48:00+00:00,64515.9,64515.9,64454.41,64454.41
2026-07-29 08:49:00+00:00,64454.41,64455.48,64454.41,64455.47
2026-07-29 08:50:00+00:00,64455.47,64461.43,64452.23,64455.48
2026-07-29 08:51:00+00:00,64455.48,64455.48,64412.0,64412.0
2026-07-29 08:52:00+00:00,64412.0,64417.63,64412.0,64412.13
2026-07-29 08:53:00+00:00,64412.12,64417.29,64412.12,64415.36
2026-07-29 08:54:00+00:00,64415.37,64415.37,64398.88,64398.88
2026-07-29 08:55:00+00:00,64398.89,64406.92,64398.88,64405.98
2026-07-29 08:56:00+00:00,64405.98,64405.99,64402.0,64402.01
2026-07-29 08:57:00+00:00,64402.0,64415.25,64400.0,64415.25
2026-07-29 08:58:00+00:00,64415.25,64419.99,64415.25,64416.54
2026-07-29 08:59:00+00:00,64416.54,64417.31,64416.34,64417.31
2026-07-29 09:00:00+00:00,64417.31,64417.31,64417.3,64417.3
2026-07-29 09:01:00+00:00,64417.31,64444.0,64417.3,64444.0
2026-07-29 09:02:00+00:00,64444.0,64444.5,64443.99,64444.5
2026-07-29 09:03:00+00:00,64444.49,64444.5,64421.17,64444.0
2026-07-29 09:04:00+00:00,64444.0,64451.84,64427.1,64427.11
2026-07-29 09:05:00+00:00,64427.1,64427.11,64394.27,64394.27
2026-07-29 09:06:00+00:00,64394.27,64400.44,64394.27,64400.43
2026-07-29 09:07:00+00:00,64400.43,64400.44,64386.94,64399.56
2026-07-29 09:08:00+00:00,64399.55,64403.03,64394.89,64397.77
2026-07-29 09:09:00+00:00,64397.78,64432.21,64397.78,64432.21
2026-07-29 09:10:00+00:00,64432.21,64454.0,64432.2,64453.99
2026-07-29 09:11:00+00:00,64454.0,64454.0,64446.1,64446.11
2026-07-29 09:12:00+00:00,64446.1,64462.4,64446.1,64459.99
2026-07-29 09:13:00+00:00,64460.0,64464.0,64443.03,64443.04
2026-07-29 09:14:00+00:00,64443.03,64452.0,64443.03,64452.0
2026-07-29 09:15:00+00:00,64452.0,64452.0,64445.62,64445.63
2026-07-29 09:16:00+00:00,64445.63,64445.63,64430.0,64430.01
2026-07-29 09:17:00+00:00,64430.01,64432.86,64430.0,64432.86
2026-07-29 09:18:00+00:00,64432.85,64474.04,64432.85,64474.03
2026-07-29 09:19:00+00:00,64474.04,64474.04,64462.07,64462.07
2026-07-29 09:20:00+00:00,64462.07,64470.97,64462.07,64470.01
2026-07-29 09:21:00+00:00,64470.0,64470.01,64452.32,64452.33
2026-07-29 09:22:00+00:00,64452.32,64452.33,64451.05,64451.06
2026-07-29 09:23:00+00:00,64451.06,64466.71,64438.0,64438.01
2026-07-29 09:24:00+00:00,64438.0,64466.3,64438.0,64466.3
2026-07-29 09:25:00+00:00,64466.3,64478.6,64466.29,64478.59
2026-07-29 09:26:00+00:00,64478.59,64478.6,64456.0,64456.01
2026-07-29 09:27:00+00:00,64456.0,64456.01,64446.0,64453.73
2026-07-29 09:28:00+00:00,64453.74,64461.74,64444.0,64447.84
2026-07-29 09:29:00+00:00,64447.85,64461.82,64447.85,64461.82
2026-07-29 09:30:00+00:00,64461.81,64477.09,64461.81,64470.07
2026-07-29 09:31:00+00:00,64470.07,64503.96,64470.06,64503.95
2026-07-29 09:32:00+00:00,64503.95,64509.0,64499.52,64503.96
2026-07-29 09:33:00+00:00,64503.96,64503.96,64478.0,64482.0
2026-07-29 09:34:00+00:00,64482.01,64492.26,64482.0,64482.03
2026-07-29 09:35:00+00:00,64482.03,64482.04,64470.0,64470.0
2026-07-29 09:36:00+00:00,64470.01,64493.48,64470.0,64483.26
2026-07-29 09:37:00+00:00,64483.25,64535.22,64480.76,64524.25
2026-07-29 09:38:00+00:00,64524.26,64572.14,64520.45,64572.13
2026-07-29 09:39:00+00:00,64572.13,64620.0,64548.42,64592.0
2026-07-29 09:40:00+00:00,64591.99,64700.0,64591.99,64671.33
2026-07-29 09:41:00+00:00,64671.33,64674.0,64640.0,64646.87
2026-07-29 09:42:00+00:00,64646.87,64646.87,64622.0,64622.0
2026-07-29 09:43:00+00:00,64622.01,64643.68,64594.01,64594.01
2026-07-29 09:44:00+00:00,64594.01,64610.86,64592.46,64605.99
2026-07-29 09:45:00+00:00,64605.99,64606.0,64588.0,64588.76
2026-07-29 09:46:00+00:00,64588.76,64588.76,64541.96,64544.56
2026-07-29 09:47:00+00:00,64544.55,64544.56,64517.15,64517.15
2026-07-29 09:48:00+00:00,64517.16,64547.32,64517.15,64542.0
2026-07-29 09:49:00+00:00,64541.99,64560.0,64541.99,64556.18
2026-07-29 09:50:00+00:00,64556.18,64562.0,64548.56,64558.0
2026-07-29 09:51:00+00:00,64558.0,64562.05,64541.99,64562.04
2026-07-29 09:52:00+00:00,64562.04,64623.23,64562.04,64623.23
2026-07-29 09:53:00+00:00,64623.24,64658.0,64623.23,64658.0
2026-07-29 09:54:00+00:00,64657.99,64675.22,64640.0,64666.95
2026-07-29 09:55:00+00:00,64666.96,64693.18,64662.54,64693.18
2026-07-29 09:56:00+00:00,64693.17,64700.0,64678.0,64692.0
2026-07-29 09:57:00+00:00,64692.0,64744.81,64670.0,64723.9
2026-07-29 09:58:00+00:00,64723.9,64723.91,64714.09,64718.09
2026-07-29 09:59:00+00:00,64718.1,64720.87,64698.0,64698.0
2026-07-29 10:00:00+00:00,64698.01,64712.58,64684.89,64705.47
2026-07-29 10:01:00+00:00,64705.47,64718.0,64698.0,64706.27
2026-07-29 10:02:00+00:00,64706.26,64713.99,64682.0,64682.0
2026-07-29 10:03:00+00:00,64682.01,64683.02,64665.6,64665.6
2026-07-29 10:04:00+00:00,64665.6,64665.6,64648.57,64657.43
2026-07-29 10:05:00+00:00,64657.43,64670.0,64654.84,64656.01
2026-07-29 10:06:00+00:00,64656.01,64669.24,64642.0,64642.01
2026-07-29 10:07:00+00:00,64642.0,64648.83,64626.05,64631.99
2026-07-29 10:08:00+00:00,64631.99,64658.0,64631.99,64658.0
2026-07-29 10:09:00+00:00,64657.99,64668.0,64640.0,64667.99
2026-07-29 10:10:00+00:00,64667.99,64668.0,64639.99,64640.0
2026-07-29 10:11:00+00:00,64640.0,64640.0,64638.0,64638.01
2026-07-29 10:12:00+00:00,64638.0,64638.01,64636.0,64636.0
2026-07-29 10:13:00+00:00,64636.0,64649.38,64636.0,64649.37
2026-07-29 10:14:00+00:00,64649.37,64665.87,64649.37,64663.99
2026-07-29 10:15:00+00:00,64663.99,64682.0,64660.0,64660.0
2026-07-29 10:16:00+00:00,64660.0,64676.35,64656.7,64676.34
2026-07-29 10:17:00+00:00,64676.34,64676.35,64664.0,64668.01
2026-07-29 10:18:00+00:00,64668.01,64700.0,64668.0,64699.99
2026-07-29 10:19:00+00:00,64700.0,64700.0,64658.0,64667.99
2026-07-29 10:20:00+00:00,64668.0,64670.0,64660.58,64660.58
2026-07-29 10:21:00+00:00,64660.59,64662.26,64660.58,64662.25
2026-07-29 10:22:00+00:00,64662.25,64674.0,64662.25,64673.99
2026-07-29 10:23:00+00:00,64674.0,64674.0,64651.72,64651.73
2026-07-29 10:24:00+00:00,64651.72,64651.73,64646.13,64646.14
2026-07-29 10:25:00+00:00,64646.13,64646.14,64625.4,64626.01
2026-07-29 10:26:00+00:00,64626.01,64633.28,64626.0,64633.27
2026-07-29 10:27:00+00:00,64633.28,64633.28,64628.0,64628.0
2026-07-29 10:28:00+00:00,64628.0,64628.01,64609.02,64617.75
2026-07-29 10:29:00+00:00,64617.74,64623.6,64617.74,64623.59
2026-07-29 10:30:00+00:00,64623.59,64624.14,64617.74,64617.75
2026-07-29 10:31:00+00:00,64617.75,64620.01,64617.74,64620.0
2026-07-29 10:32:00+00:00,64620.0,64627.31,64620.0,64627.3
2026-07-29 10:33:00+00:00,64627.31,64627.31,64627.3,64627.3
2026-07-29 10:34:00+00:00,64627.3,64627.34,64610.1,64610.1
2026-07-29 10:35:00+00:00,64610.11,64610.11,64610.1,64610.11
2026-07-29 10:36:00+00:00,64610.1,64614.0,64610.1,64614.0
2026-07-29 10:37:00+00:00,64614.0,64614.0,64594.0,64594.01
2026-07-29 10:38:00+00:00,64594.0,64594.79,64581.04,64581.04
2026-07-29 10:39:00+00:00,64581.05,64581.05,64567.56,64567.57
2026-07-29 10:40:00+00:00,64567.57,64577.67,64567.56,64577.66
2026-07-29 10:41:00+00:00,64577.67,64620.86,64577.66,64618.0
2026-07-29 10:42:00+00:00,64618.0,64672.34,64617.99,64670.77
2026-07-29 10:43:00+00:00,64670.76,64676.0,64661.65,64670.01
2026-07-29 10:44:00+00:00,64670.01,64680.57,64670.0,64670.0
2026-07-29 10:45:00+00:00,64670.0,64670.0,64640.0,64641.99
2026-07-29 10:46:00+00:00,64642.0,64645.99,64624.0,64624.0
2026-07-29 10:47:00+00:00,64624.0,64634.48,64624.0,64628.01
2026-07-29 10:48:00+00:00,64628.01,64636.0,64621.23,64621.24
2026-07-29 10:49:00+00:00,64621.23,64621.24,64604.52,64604.53
2026-07-29 10:50:00+00:00,64604.52,64604.53,64582.42,64582.42
2026-07-29 10:51:00+00:00,64582.42,64582.43,64499.62,64508.32
2026-07-29 10:52:00+00:00,64508.31,64508.32,64451.44,64451.44
2026-07-29 10:53:00+00:00,64451.44,64462.0,64440.0,64440.01
2026-07-29 10:54:00+00:00,64440.0,64448.0,64421.6,64439.09
2026-07-29 10:55:00+00:00,64439.09,64450.07,64416.0,64416.01
2026-07-29 10:56:00+00:00,64416.01,64448.0,64410.24,64447.99
2026-07-29 10:57:00+00:00,64448.0,64462.0,64447.99,64461.99
2026-07-29 10:58:00+00:00,64461.99,64466.0,64461.99,64465.99
2026-07-29 10:59:00+00:00,64466.0,64476.0,64465.99,64469.83
2026-07-29 11:00:00+00:00,64469.84,64490.0,64468.59,64489.99
2026-07-29 11:01:00+00:00,64489.99,64507.63,64489.99,64504.22
2026-07-29 11:02:00+00:00,64504.23,64504.23,64468.09,64470.01
2026-07-29 11:03:00+00:00,64470.0,64501.31,64470.0,64501.18
2026-07-29 11:04:00+00:00,64501.18,64501.91,64470.18,64470.18
2026-07-29 11:05:00+00:00,64470.18,64470.19,64470.0,64470.0
2026-07-29 11:06:00+00:00,64470.0,64470.01,64440.0,64459.99
2026-07-29 11:07:00+00:00,64460.0,64490.47,64460.0,64488.0
2026-07-29 11:08:00+00:00,64488.0,64495.12,64480.32,64483.03
2026-07-29 11:09:00+00:00,64483.03,64498.84,64483.03,64498.84
2026-07-29 11:10:00+00:00,64498.83,64498.84,64498.83,64498.83
2026-07-29 11:11:00+00:00,64498.83,64498.84,64494.67,64496.24
2026-07-29 11:12:00+00:00,64496.25,64505.94,64496.24,64505.93
2026-07-29 11:13:00+00:00,64505.94,64525.74,64505.93,64525.73
2026-07-29 11:14:00+00:00,64525.73,64546.0,64521.94,64521.95
2026-07-29 11:15:00+00:00,64521.94,64546.0,64518.98,64546.0
2026-07-29 11:16:00+00:00,64546.0,64546.0,64515.37,64515.37
2026-07-29 11:17:00+00:00,64515.37,64515.38,64513.91,64513.91
2026-07-29 11:18:00+00:00,64513.91,64525.81,64503.95,64514.53
2026-07-29 11:19:00+00:00,64514.53,64514.53,64476.58,64476.58
2026-07-29 11:20:00+00:00,64476.58,64542.98,64476.58,64542.98
2026-07-29 11:21:00+00:00,64542.97,64578.0,64542.97,64577.22
2026-07-29 11:22:00+00:00,64577.22,64591.73,64522.0,64522.01
2026-07-29 11:23:00+00:00,64522.01,64532.43,64522.0,64531.6
2026-07-29 11:24:00+00:00,64531.6,64531.6,64531.59,64531.59
2026-07-29 11:25:00+00:00,64531.6,64531.6,64510.01,64519.62
2026-07-29 11:26:00+00:00,64519.62,64527.02,64510.02,64522.77
2026-07-29 11:27:00+00:00,64522.76,64535.4,64522.76,64535.4
2026-07-29 11:28:00+00:00,64535.4,64535.4,64528.0,64528.01
2026-07-29 11:29:00+00:00,64528.01,64528.01,64492.47,64492.48
2026-07-29 11:30:00+00:00,64492.47,64492.48,64475.85,64476.57
2026-07-29 11:31:00+00:00,64476.57,64496.0,64476.57,64496.0
2026-07-29 11:32:00+00:00,64496.0,64496.0,64446.84,64449.25
2026-07-29 11:33:00+00:00,64449.24,64451.86,64434.0,64451.86
2026-07-29 11:34:00+00:00,64451.86,64451.86,64434.0,64434.0
2026-07-29 11:35:00+00:00,64434.0,64434.01,64426.16,64426.16
2026-07-29 11:36:00+00:00,64426.17,64426.17,64426.16,64426.17
2026-07-29 11:37:00+00:00,64426.17,64426.17,64426.16,64426.17
2026-07-29 11:38:00+00:00,64426.17,64426.17,64426.16,64426.17
2026-07-29 11:39:00+00:00,64426.16,64432.0,64426.16,64426.17
2026-07-29 11:40:00+00:00,64426.17,64451.86,64426.16,64451.86
2026-07-29 11:41:00+00:00,64451.86,64451.86,64423.39,64423.4
2026-07-29 11:42:00+00:00,64423.4,64436.43,64422.5,64422.5
2026-07-29 11:43:00+00:00,64422.51,64422.51,64422.5,64422.51
2026-07-29 11:44:00+00:00,64422.51,64422.51,64422.5,64422.5
2026-07-29 11:45:00+00:00,64422.51,64427.39,64422.5,64427.39
2026-07-29 11:46:00+00:00,64427.4,64446.47,64427.39,64446.46
2026-07-29 11:47:00+00:00,64446.46,64466.0,64446.46,64466.0
2026-07-29 11:48:00+00:00,64466.0,64483.87,64465.99,64483.87
2026-07-29 11:49:00+00:00,64483.87,64483.87,64483.86,64483.87
2026-07-29 11:50:00+00:00,64483.86,64483.87,64483.86,64483.87
2026-07-29 11:51:00+00:00,64483.86,64489.29,64483.86,64489.28
2026-07-29 11:52:00+00:00,64489.28,64504.0,64479.71,64479.72
2026-07-29 11:53:00+00:00,64479.71,64479.72,64455.24,64465.22
2026-07-29 11:54:00+00:00,64465.23,64465.23,64465.22,64465.23
2026-07-29 11:55:00+00:00,64465.23,64478.0,64458.39,64478.0
2026-07-29 11:56:00+00:00,64478.0,64481.8,64477.99,64481.79
2026-07-29 11:57:00+00:00,64481.8,64490.0,64481.79,64486.11
2026-07-29 11:58:00+00:00,64486.11,64493.85,64486.11,64493.85
2026-07-29 11:59:00+00:00,64493.85,64507.54,64493.84,64507.54
2026-07-29 12:00:00+00:00,64507.53,64507.54,64476.28,64482.77
2026-07-29 12:01:00+00:00,64482.76,64506.32,64473.19,64506.32
2026-07-29 12:02:00+00:00,64506.32,64506.32,64472.75,64472.75
2026-07-29 12:03:00+00:00,64472.76,64472.76,64458.12,64458.12
2026-07-29 12:04:00+00:00,64458.13,64470.0,64458.12,64466.0
2026-07-29 12:05:00+00:00,64466.0,64466.01,64460.01,64465.99
2026-07-29 12:06:00+00:00,64466.0,64480.76,64465.99,64469.0
2026-07-29 12:07:00+00:00,64469.0,64469.0,64446.0,64452.36
2026-07-29 12:08:00+00:00,64452.37,64452.37,64435.46,64435.46
2026-07-29 12:09:00+00:00,64435.47,64435.47,64434.0,64434.01
2026-07-29 12:10:00+00:00,64434.0,64442.83,64433.87,64442.82
2026-07-29 12:11:00+00:00,64442.83,64449.99,64442.82,64448.73
2026-07-29 12:12:00+00:00,64448.73,64448.73,64442.85,64447.47
2026-07-29 12:13:00+00:00,64447.48,64481.05,64447.47,64481.04
2026-07-29 12:14:00+00:00,64481.04,64495.62,64456.0,64456.01
2026-07-29 12:15:00+00:00,64456.0,64456.0,64385.52,64398.0
2026-07-29 12:16:00+00:00,64398.0,64403.21,64330.06,64330.07
2026-07-29 12:17:00+00:00,64330.07,64330.07,64307.54,64328.24
2026-07-29 12:18:00+00:00,64328.24,64334.62,64276.73,64334.62
2026-07-29 12:19:00+00:00,64334.62,64347.19,64322.0,64327.35
2026-07-29 12:20:00+00:00,64327.36,64342.04,64327.35,64342.04
2026-07-29 12:21:00+00:00,64342.03,64355.0,64342.03,64342.16
2026-07-29 12:22:00+00:00,64342.16,64342.17,64312.66,64342.0
2026-07-29 12:23:00+00:00,64341.99,64364.64,64341.99,64364.64
2026-07-29 12:24:00+00:00,64364.63,64375.58,64342.03,64345.39
2026-07-29 12:25:00+00:00,64345.4,64363.92,64345.39,64363.92
2026-07-29 12:26:00+00:00,64363.91,64364.73,64356.31,64359.14
2026-07-29 12:27:00+00:00,64359.14,64378.72,64352.29,64362.49
2026-07-29 12:28:00+00:00,64362.49,64362.5,64352.75,64357.9
2026-07-29 12:29:00+00:00,64357.9,64367.78,64342.01,64342.02
2026-07-29 12:30:00+00:00,64342.01,64342.01,64282.01,64319.21
2026-07-29 12:31:00+00:00,64319.22,64323.22,64316.0,64323.21
2026-07-29 12:32:00+00:00,64323.22,64357.84,64323.22,64357.83
2026-07-29 12:33:00+00:00,64357.84,64360.34,64338.42,64343.13
2026-07-29 12:34:00+00:00,64343.13,64376.75,64342.0,64376.75
2026-07-29 12:35:00+00:00,64376.75,64386.4,64364.0,64364.01
2026-07-29 12:36:00+00:00,64364.0,64370.0,64322.29,64322.3
2026-07-29 12:37:00+00:00,64322.3,64327.74,64311.28,64325.25
2026-07-29 12:38:00+00:00,64325.26,64344.76,64325.25,64333.76
2026-07-29 12:39:00+00:00,64333.77,64346.58,64332.04,64336.93
2026-07-29 12:40:00+00:00,64336.93,64336.93,64330.38,64330.39
2026-07-29 12:41:00+00:00,64330.39,64330.39,64313.83,64323.16
2026-07-29 12:42:00+00:00,64323.16,64323.16,64303.24,64306.01
2026-07-29 12:43:00+00:00,64306.0,64330.0,64306.0,64329.99
2026-07-29 12:44:00+00:00,64329.99,64336.0,64320.64,64333.58
2026-07-29 12:45:00+00:00,64333.59,64341.0,64324.2,64336.0
2026-07-29 12:46:00+00:00,64336.0,64336.77,64322.38,64332.0
2026-07-29 12:47:00+00:00,64332.0,64332.0,64322.4,64331.99
2026-07-29 12:48:00+00:00,64332.0,64340.0,64331.99,64338.09
2026-07-29 12:49:00+00:00,64338.1,64338.1,64306.0,64314.01
2026-07-29 12:50:00+00:00,64314.01,64340.0,64314.01,64320.02
2026-07-29 12:51:00+00:00,64320.02,64320.03,64288.84,64288.84
2026-07-29 12:52:00+00:00,64288.85,64298.0,64288.59,64293.88
2026-07-29 12:53:00+00:00,64293.88,64298.0,64288.0,64288.01
2026-07-29 12:54:00+00:00,64288.0,64300.0,64280.05,64293.81
2026-07-29 12:55:00+00:00,64293.82,64304.14,64293.81,64304.14
2026-07-29 12:56:00+00:00,64304.14,64319.52,64300.0,64319.51
2026-07-29 12:57:00+00:00,64319.52,64319.52,64260.0,64260.0
2026-07-29 12:58:00+00:00,64260.01,64269.9,64215.93,64269.89
2026-07-29 12:59:00+00:00,64269.9,64283.54,64269.89,64276.81
2026-07-29 13:00:00+00:00,64276.82,64281.33,64260.0,64268.85
2026-07-29 13:01:00+00:00,64268.85,64268.86,64248.0,64254.83
2026-07-29 13:02:00+00:00,64254.84,64275.69,64254.83,64266.56
2026-07-29 13:03:00+00:00,64266.57,64266.57,64235.1,64240.01
2026-07-29 13:04:00+00:00,64240.0,64280.14,64240.0,64274.41
2026-07-29 13:05:00+00:00,64274.42,64274.42,64224.59,64248.0
2026-07-29 13:06:00+00:00,64248.0,64278.0,64248.0,64262.0
2026-07-29 13:07:00+00:00,64262.0,64280.0,64261.99,64280.0
2026-07-29 13:08:00+00:00,64279.99,64300.0,64270.39,64299.99
2026-07-29 13:09:00+00:00,64299.99,64300.0,64285.65,64289.98
2026-07-29 13:10:00+00:00,64289.98,64290.0,64273.39,64290.0
2026-07-29 13:11:00+00:00,64290.0,64312.1,64289.99,64309.5
2026-07-29 13:12:00+00:00,64309.5,64328.0,64309.5,64313.66
2026-07-29 13:13:00+00:00,64313.66,64313.67,64294.28,64309.92
2026-07-29 13:14:00+00:00,64309.91,64330.62,64309.91,64330.39
2026-07-29 13:15:00+00:00,64330.38,64334.0,64316.01,64316.01
2026-07-29 13:16:00+00:00,64316.02,64316.02,64272.7,64272.7
2026-07-29 13:17:00+00:00,64272.7,64272.71,64205.01,64208.01
2026-07-29 13:18:00+00:00,64208.0,64216.0,64193.76,64201.99
2026-07-29 13:19:00+00:00,64201.99,64215.7,64193.77,64215.69
2026-07-29 13:20:00+00:00,64215.69,64215.69,64180.21,64183.09
2026-07-29 13:21:00+00:00,64183.08,64230.0,64183.08,64229.99
2026-07-29 13:22:00+00:00,64229.99,64244.0,64218.0,64218.01
2026-07-29 13:23:00+00:00,64218.0,64218.0,64139.68,64177.81
2026-07-29 13:24:00+00:00,64177.81,64213.11,64177.81,64213.11
2026-07-29 13:25:00+00:00,64213.1,64213.1,64155.99,64180.0
2026-07-29 13:26:00+00:00,64179.99,64206.37,64178.93,64206.37
2026-07-29 13:27:00+00:00,64206.38,64222.75,64204.6,64213.24
2026-07-29 13:28:00+00:00,64213.68,64220.58,64213.68,64220.57
2026-07-29 13:29:00+00:00,64220.57,64224.55,64205.38,64205.38
2026-07-29 13:30:00+00:00,64205.39,64237.15,64168.16,64232.43
2026-07-29 13:31:00+00:00,64232.43,64274.0,64204.5,64270.01
2026-07-29 13:32:00+00:00,64270.01,64385.49,64270.0,64364.01
2026-07-29 13:33:00+00:00,64364.0,64370.0,64304.0,64310.01
2026-07-29 13:34:00+00:00,64310.0,64352.54,64310.0,64345.99
2026-07-29 13:35:00+00:00,64345.99,64380.0,64326.14,64347.66
2026-07-29 13:36:00+00:00,64347.65,64354.0,64300.04,64312.23
2026-07-29 13:37:00+00:00,64312.22,64312.23,64247.55,64254.01
2026-07-29 13:38:00+00:00,64254.01,64278.0,64148.07,64177.99
2026-07-29 13:39:00+00:00,64177.99,64352.0,64173.98,64352.0
2026-07-29 13:40:00+00:00,64351.99,64351.99,64253.98,64288.01
2026-07-29 13:41:00+00:00,64288.01,64324.0,64288.01,64324.0
2026-07-29 13:42:00+00:00,64324.0,64437.26,64324.0,64426.0
2026-07-29 13:43:00+00:00,64426.0,64436.0,64386.0,64436.0
2026-07-29 13:44:00+00:00,64436.0,64499.0,64435.99,64478.51
2026-07-29 13:45:00+00:00,64478.51,64530.0,64470.0,64471.99
2026-07-29 13:46:00+00:00,64472.0,64502.0,64452.44,64468.55
2026-07-29 13:47:00+00:00,64468.55,64511.99,64434.0,64489.17
2026-07-29 13:48:00+00:00,64489.17,64551.99,64489.16,64551.99
2026-07-29 13:49:00+00:00,64552.0,64640.56,64552.0,64640.55
2026-07-29 13:50:00+00:00,64640.55,64642.0,64567.44,64567.44
2026-07-29 13:51:00+00:00,64567.44,64598.88,64534.0,64588.12
2026-07-29 13:52:00+00:00,64588.12,64598.0,64452.0,64454.0
2026-07-29 13:53:00+00:00,64454.01,64488.0,64417.11,64487.99
2026-07-29 13:54:00+00:00,64488.0,64498.0,64426.91,64479.51
2026-07-29 13:55:00+00:00,64479.51,64479.51,64398.88,64398.88
2026-07-29 13:56:00+00:00,64398.89,64398.89,64328.0,64328.0
2026-07-29 13:57:00+00:00,64328.0,64412.03,64316.11,64412.02
2026-07-29 13:58:00+00:00,64412.03,64567.83,64412.03,64567.82
2026-07-29 13:59:00+00:00,64567.82,64667.18,64567.82,64664.7
2026-07-29 14:00:00+00:00,64664.69,64718.87,64585.2,64585.2
2026-07-29 14:01:00+00:00,64585.21,64642.0,64566.01,64578.19
2026-07-29 14:02:00+00:00,64578.19,64600.0,64550.55,64563.75
2026-07-29 14:03:00+00:00,64563.74,64565.91,64519.65,64536.18
2026-07-29 14:04:00+00:00,64536.18,64602.0,64529.5,64587.99
2026-07-29 14:05:00+00:00,64587.99,64654.0,64570.45,64609.99
2026-07-29 14:06:00+00:00,64609.99,64641.23,64582.0,64582.0
2026-07-29 14:07:00+00:00,64582.0,64582.0,64480.0,64495.99
2026-07-29 14:08:00+00:00,64495.99,64509.25,64456.0,64499.82
2026-07-29 14:09:00+00:00,64499.83,64500.0,64478.0,64488.0
2026-07-29 14:10:00+00:00,64488.0,64488.0,64446.0,64446.0
2026-07-29 14:11:00+00:00,64446.01,64449.56,64424.0,64424.0
2026-07-29 14:12:00+00:00,64424.0,64424.0,64374.2,64374.2
2026-07-29 14:13:00+00:00,64374.21,64374.21,64250.08,64293.82
2026-07-29 14:14:00+00:00,64293.83,64299.45,64240.9,64264.0
2026-07-29 14:15:00+00:00,64264.0,64310.0,64261.0,64295.99
2026-07-29 14:16:00+00:00,64295.99,64350.0,64295.99,64350.0
2026-07-29 14:17:00+00:00,64350.0,64372.0,64292.26,64292.26
2026-07-29 14:18:00+00:00,64292.26,64337.78,64280.0,64302.0
2026-07-29 14:19:00+00:00,64302.0,64340.0,64286.0,64286.01
2026-07-29 14:20:00+00:00,64286.01,64360.0,64286.01,64350.01
2026-07-29 14:21:00+00:00,64350.0,64394.0,64337.13,64391.99
2026-07-29 14:22:00+00:00,64392.0,64402.0,64355.0,64355.01
2026-07-29 14:23:00+00:00,64355.0,64386.0,64323.71,64364.0
2026-07-29 14:24:00+00:00,64364.01,64368.0,64252.07,64294.0
2026-07-29 14:25:00+00:00,64294.0,64299.53,64204.96,64212.94
2026-07-29 14:26:00+00:00,64212.94,64214.0,64121.0,64214.0
2026-07-29 14:27:00+00:00,64213.99,64214.0,64142.0,64163.48
2026-07-29 14:28:00+00:00,64163.49,64206.0,64132.0,64206.0
2026-07-29 14:29:00+00:00,64206.0,64242.0,64198.95,64198.96
2026-07-29 14:30:00+00:00,64198.96,64254.0,64198.96,64254.0
2026-07-29 14:31:00+00:00,64254.0,64270.0,64216.05,64216.06
2026-07-29 14:32:00+00:00,64216.05,64262.0,64216.05,64260.54
2026-07-29 14:33:00+00:00,64260.55,64313.99,64260.54,64310.01
2026-07-29 14:34:00+00:00,64310.0,64310.0,64166.0,64166.0
2026-07-29 14:35:00+00:00,64166.01,64188.0,64111.84,64184.25
2026-07-29 14:36:00+00:00,64184.25,64204.0,64152.0,64168.0
2026-07-29 14:37:00+00:00,64168.0,64178.0,64152.0,64154.01
2026-07-29 14:38:00+00:00,64154.01,64174.0,64144.0,64173.99
2026-07-29 14:39:00+00:00,64174.0,64174.0,64114.35,64143.99
2026-07-29 14:40:00+00:00,64143.99,64154.0,64070.0,64116.0
2026-07-29 14:41:00+00:00,64115.99,64184.0,64115.99,64138.86
2026-07-29 14:42:00+00:00,64138.86,64138.86,64100.83,64100.84
2026-07-29 14:43:00+00:00,64100.83,64100.83,64049.55,64078.01
2026-07-29 14:44:00+00:00,64078.0,64100.83,64058.0,64099.99
2026-07-29 14:45:00+00:00,64099.99,64110.0,64073.26,64108.05
2026-07-29 14:46:00+00:00,64108.06,64120.0,64047.71,64119.99
2026-07-29 14:47:00+00:00,64119.99,64176.0,64118.0,64155.99
2026-07-29 14:48:00+00:00,64155.99,64155.99,64066.73,64083.99
2026-07-29 14:49:00+00:00,64084.0,64142.0,64084.0,64141.99
2026-07-29 14:50:00+00:00,64142.0,64179.99,64119.76,64170.0
2026-07-29 14:51:00+00:00,64170.0,64176.01,64118.0,64123.14
2026-07-29 14:52:00+00:00,64123.14,64220.43,64123.13,64220.42
2026-07-29 14:53:00+00:00,64220.43,64259.98,64210.0,64216.0
2026-07-29 14:54:00+00:00,64216.01,64252.0,64216.0,64249.7
2026-07-29 14:55:00+00:00,64249.71,64254.06,64182.0,64182.01
2026-07-29 14:56:00+00:00,64182.0,64182.0,64136.14,64139.99
2026-07-29 14:57:00+00:00,64139.99,64172.0,64135.0,64135.01
2026-07-29 14:58:00+00:00,64135.01,64156.0,64122.0,64122.01
2026-07-29 14:59:00+00:00,64122.0,64152.0,64108.0,64108.01
2026-07-29 15:00:00+00:00,64108.01,64132.0,64062.0,64080.0
2026-07-29 15:01:00+00:00,64080.0,64132.0,64077.79,64132.0
2026-07-29 15:02:00+00:00,64131.99,64160.0,64126.01,64141.39
2026-07-29 15:03:00+00:00,64141.39,64184.0,64132.51,64165.99
2026-07-29 15:04:00+00:00,64166.0,64166.0,64140.0,64140.01
2026-07-29 15:05:00+00:00,64140.0,64140.01,64094.0,64115.99
2026-07-29 15:06:00+00:00,64116.0,64162.0,64106.04,64106.05
2026-07-29 15:07:00+00:00,64106.04,64152.0,64102.1,64151.99
2026-07-29 15:08:00+00:00,64152.0,64180.0,64150.0,64150.88
2026-07-29 15:09:00+00:00,64150.88,64184.0,64123.49,64184.0
2026-07-29 15:10:00+00:00,64184.0,64193.36,64164.95,64164.95
2026-07-29 15:11:00+00:00,64164.95,64164.95,64088.0,64137.98
2026-07-29 15:12:00+00:00,64137.99,64179.26,64137.99,64179.03
2026-07-29 15:13:00+00:00,64179.04,64195.0,64143.28,64148.0
2026-07-29 15:14:00+00:00,64148.01,64161.15,64122.86,64136.0
2026-07-29 15:15:00+00:00,64135.99,64138.0,64104.0,64122.0
2026-07-29 15:16:00+00:00,64122.0,64158.0,64121.99,64151.67
2026-07-29 15:17:00+00:00,64151.67,64151.67,64094.58,64109.61
2026-07-29 15:18:00+00:00,64109.62,64132.0,64054.78,64054.79
2026-07-29 15:19:00+00:00,64054.79,64054.79,63961.96,63976.26
2026-07-29 15:20:00+00:00,63976.25,64020.0,63975.14,64004.97
2026-07-29 15:21:00+00:00,64004.97,64017.79,63988.0,64017.79
2026-07-29 15:22:00+00:00,64017.78,64095.03,64017.78,64094.94
2026-07-29 15:23:00+00:00,64094.94,64118.0,64076.0,64094.61
2026-07-29 15:24:00+00:00,64094.6,64104.0,64033.08,64033.09
2026-07-29 15:25:00+00:00,64033.08,64043.74,63978.65,64040.01
2026-07-29 15:26:00+00:00,64040.0,64066.0,64010.0,64013.27
2026-07-29 15:27:00+00:00,64013.26,64088.0,64013.26,64084.0
2026-07-29 15:28:00+00:00,64084.01,64085.89,64062.58,64073.99
2026-07-29 15:29:00+00:00,64073.99,64093.49,64073.99,64093.49
2026-07-29 15:30:00+00:00,64093.49,64095.0,64056.0,64090.01
2026-07-29 15:31:00+00:00,64090.0,64090.01,64041.11,64060.81
2026-07-29 15:32:00+00:00,64060.8,64079.99,64050.02,64052.35
2026-07-29 15:33:00+00:00,64052.35,64118.0,64043.99,64086.05
2026-07-29 15:34:00+00:00,64086.05,64116.0,64054.0,64060.73
2026-07-29 15:35:00+00:00,64060.72,64120.93,64058.0,64108.16
2026-07-29 15:36:00+00:00,64108.17,64144.0,64102.0,64143.76
2026-07-29 15:37:00+00:00,64143.77,64178.39,64130.66,64130.66
2026-07-29 15:38:00+00:00,64130.66,64130.66,64060.0,64060.01
2026-07-29 15:39:00+00:00,64060.01,64060.01,63971.78,63979.99
2026-07-29 15:40:00+00:00,63979.99,64009.79,63978.0,64009.78
2026-07-29 15:41:00+00:00,64009.79,64046.78,64009.78,64039.49
2026-07-29 15:42:00+00:00,64039.5,64039.5,64008.94,64008.94
2026-07-29 15:43:00+00:00,64008.94,64008.94,63978.61,63978.61
2026-07-29 15:44:00+00:00,63978.62,63998.8,63974.0,63986.01
2026-07-29 15:45:00+00:00,63986.0,63986.0,63950.01,63959.13
2026-07-29 15:46:00+00:00,63959.12,64000.5,63959.12,63986.0
2026-07-29 15:47:00+00:00,63986.01,63996.79,63971.99,63996.79
2026-07-29 15:48:00+00:00,63996.78,64038.0,63996.78,64002.55
2026-07-29 15:49:00+00:00,64002.55,64039.5,63998.0,64039.49
2026-07-29 15:50:00+00:00,64039.5,64048.19,64010.0,64014.54
2026-07-29 15:51:00+00:00,64014.53,64030.0,64005.0,64030.0
2026-07-29 15:52:00+00:00,64030.0,64044.56,64005.0,64019.99
2026-07-29 15:53:00+00:00,64019.99,64020.0,63950.46,63973.99
2026-07-29 15:54:00+00:00,63974.0,63974.0,63944.13,63958.01
2026-07-29 15:55:00+00:00,63958.0,63958.01,63886.0,63940.98
2026-07-29 15:56:00+00:00,63940.98,63945.99,63926.0,63933.54
2026-07-29 15:57:00+00:00,63933.53,63948.0,63912.0,63929.99
2026-07-29 15:58:00+00:00,63929.99,63940.0,63920.0,63939.99
2026-07-29 15:59:00+00:00,63940.0,63990.0,63939.99,63964.01
2026-07-29 16:00:00+00:00,63964.01,63994.59,63964.01,63988.01
2026-07-29 16:01:00+00:00,63988.01,63988.01,63920.21,63951.64
2026-07-29 16:02:00+00:00,63951.63,63951.64,63910.0,63945.23
2026-07-29 16:03:00+00:00,63945.22,63945.23,63930.0,63930.01
2026-07-29 16:04:00+00:00,63930.0,63930.01,63900.0,63920.0
2026-07-29 16:05:00+00:00,63920.0,63949.36,63900.83,63949.32
2026-07-29 16:06:00+00:00,63949.33,63974.48,63915.82,63952.0
2026-07-29 16:07:00+00:00,63951.99,63976.53,63951.99,63976.53
2026-07-29 16:08:00+00:00,63976.53,63980.99,63956.0,63980.99
2026-07-29 16:09:00+00:00,63980.98,63983.43,63963.0,63983.43
2026-07-29 16:10:00+00:00,63983.44,63999.7,63972.21,63996.0
2026-07-29 16:11:00+00:00,63995.99,64006.0,63957.24,63967.99
2026-07-29 16:12:00+00:00,63968.0,63982.0,63957.23,63975.43
2026-07-29 16:13:00+00:00,63975.43,63982.0,63970.31,63974.29
2026-07-29 16:14:00+00:00,63974.28,63974.29,63949.62,63949.62
2026-07-29 16:15:00+00:00,63949.62,63990.0,63937.3,63989.99
2026-07-29 16:16:00+00:00,63989.99,63992.38,63962.0,63962.0
2026-07-29 16:17:00+00:00,63962.0,63962.01,63942.53,63954.56
2026-07-29 16:18:00+00:00,63954.55,63954.55,63925.0,63936.23
2026-07-29 16:19:00+00:00,63936.22,63968.0,63936.22,63966.01
2026-07-29 16:20:00+00:00,63966.01,63970.0,63930.48,63969.99
2026-07-29 16:21:00+00:00,63970.0,63995.48,63970.0,63995.48
2026-07-29 16:22:00+00:00,63995.48,64093.06,63995.47,64092.84
2026-07-29 16:23:00+00:00,64092.83,64146.53,64072.01,64082.59
2026-07-29 16:24:00+00:00,64082.58,64097.63,64068.0,64089.99
2026-07-29 16:25:00+00:00,64090.0,64129.74,64072.0,64072.01
2026-07-29 16:26:00+00:00,64072.0,64088.0,64066.08,64087.99
2026-07-29 16:27:00+00:00,64087.99,64090.0,64050.0,64050.0
2026-07-29 16:28:00+00:00,64050.0,64050.18,64030.0,64038.13
2026-07-29 16:29:00+00:00,64038.12,64050.0,64026.01,64026.01
2026-07-29 16:30:00+00:00,64026.0,64078.0,64020.3,64048.01
2026-07-29 16:31:00+00:00,64048.01,64048.01,63994.0,63994.01
2026-07-29 16:32:00+00:00,63994.01,63998.58,63932.44,63943.99
2026-07-29 16:33:00+00:00,63943.99,63996.79,63943.99,63994.0
2026-07-29 16:34:00+00:00,63994.01,63998.0,63922.25,63922.25
2026-07-29 16:35:00+00:00,63922.25,63945.55,63910.23,63910.23
2026-07-29 16:36:00+00:00,63910.24,63910.24,63850.0,63882.0
2026-07-29 16:37:00+00:00,63882.0,63882.01,63848.0,63850.0
2026-07-29 16:38:00+00:00,63850.01,63894.0,63849.02,63882.01
2026-07-29 16:39:00+00:00,63882.01,63900.0,63882.0,63884.28
2026-07-29 16:40:00+00:00,63884.28,63907.74,63870.0,63899.99
2026-07-29 16:41:00+00:00,63899.99,63902.0,63838.36,63838.37
2026-07-29 16:42:00+00:00,63838.37,63844.0,63800.02,63802.58
2026-07-29 16:43:00+00:00,63802.58,63802.58,63680.5,63680.51
2026-07-29 16:44:00+00:00,63680.5,63695.1,63624.15,63695.1
2026-07-29 16:45:00+00:00,63695.09,63695.1,63654.94,63677.91
2026-07-29 16:46:00+00:00,63677.91,63721.71,63656.22,63721.71
2026-07-29 16:47:00+00:00,63721.7,63780.7,63721.7,63780.0
2026-07-29 16:48:00+00:00,63780.0,63802.0,63720.0,63724.85
2026-07-29 16:49:00+00:00,63724.85,63731.99,63678.48,63692.73
2026-07-29 16:50:00+00:00,63692.73,63726.86,63692.73,63726.86
2026-07-29 16:51:00+00:00,63726.86,63738.0,63702.56,63702.57
2026-07-29 16:52:00+00:00,63702.57,63746.0,63687.41,63746.0
2026-07-29 16:53:00+00:00,63746.0,63774.12,63746.0,63750.0
2026-07-29 16:54:00+00:00,63749.99,63766.62,63720.21,63766.57
2026-07-29 16:55:00+00:00,63766.57,63812.0,63749.17,63794.57
2026-07-29 16:56:00+00:00,63794.56,63814.0,63776.4,63814.0
2026-07-29 16:57:00+00:00,63814.0,63834.0,63814.0,63816.0
2026-07-29 16:58:00+00:00,63816.0,63816.01,63769.62,63794.45
2026-07-29 16:59:00+00:00,63794.46,63816.0,63794.46,63808.33
2026-07-29 17:00:00+00:00,63808.33,63823.39,63797.95,63817.68
2026-07-29 17:01:00+00:00,63817.67,63854.98,63812.33,63828.01
2026-07-29 17:02:00+00:00,63828.02,63836.0,63802.5,63802.5
2026-07-29 17:03:00+00:00,63802.01,63841.58,63792.0,63841.57
2026-07-29 17:04:00+00:00,63841.58,63852.25,63765.66,63785.79
2026-07-29 17:05:00+00:00,63785.8,63798.0,63709.19,63709.2
2026-07-29 17:06:00+00:00,63709.2,63736.29,63709.2,63736.29
2026-07-29 17:07:00+00:00,63736.29,63746.0,63730.0,63732.86
2026-07-29 17:08:00+00:00,63732.86,63782.0,63728.0,63781.99
2026-07-29 17:09:00+00:00,63781.99,63796.99,63730.0,63758.25
2026-07-29 17:10:00+00:00,63758.25,63873.54,63758.24,63844.0
2026-07-29 17:11:00+00:00,63844.0,63873.55,63828.0,63828.01
2026-07-29 17:12:00+00:00,63828.0,63850.0,63804.84,63849.99
2026-07-29 17:13:00+00:00,63849.99,63870.0,63828.91,63828.92
2026-07-29 17:14:00+00:00,63828.91,63873.55,63828.0,63873.54
2026-07-29 17:15:00+00:00,63873.55,63873.55,63814.0,63814.01
2026-07-29 17:16:00+00:00,63814.0,63837.81,63814.0,63816.48
2026-07-29 17:17:00+00:00,63816.47,63818.0,63770.0,63779.75
2026-07-29 17:18:00+00:00,63779.74,63793.96,63774.0,63781.67
2026-07-29 17:19:00+00:00,63781.67,63796.56,63776.76,63788.01
2026-07-29 17:20:00+00:00,63788.0,63812.0,63788.0,63809.99
2026-07-29 17:21:00+00:00,63809.99,63830.0,63807.43,63829.99
2026-07-29 17:22:00+00:00,63830.0,63833.09,63805.4,63805.42
2026-07-29 17:23:00+00:00,63805.41,63840.68,63805.41,63840.67
2026-07-29 17:24:00+00:00,63840.68,63840.68,63790.0,63809.83
2026-07-29 17:25:00+00:00,63809.82,63809.83,63780.77,63790.02
2026-07-29 17:26:00+00:00,63790.01,63816.32,63782.0,63816.32
2026-07-29 17:27:00+00:00,63816.32,63825.61,63782.45,63782.45
2026-07-29 17:28:00+00:00,63782.46,63782.46,63756.01,63779.75
2026-07-29 17:29:00+00:00,63779.75,63779.75,63750.0,63756.17
2026-07-29 17:30:00+00:00,63756.17,63756.18,63731.01,63731.01
2026-07-29 17:31:00+00:00,63731.02,63787.42,63731.01,63787.42
2026-07-29 17:32:00+00:00,63787.42,63822.0,63787.41,63821.99
2026-07-29 17:33:00+00:00,63821.99,63873.55,63821.99,63873.55
2026-07-29 17:34:00+00:00,63873.55,63895.92,63865.69,63869.99
2026-07-29 17:35:00+00:00,63869.99,63890.18,63828.0,63828.01
2026-07-29 17:36:00+00:00,63828.0,63834.0,63822.51,63822.52
2026-07-29 17:37:00+00:00,63822.52,63860.0,63822.0,63859.99
2026-07-29 17:38:00+00:00,63859.99,63860.0,63820.0,63829.98
2026-07-29 17:39:00+00:00,63829.98,63854.0,63829.97,63852.33
2026-07-29 17:40:00+00:00,63852.34,63886.0,63852.33,63886.0
2026-07-29 17:41:00+00:00,63885.99,63911.35,63885.99,63902.32
2026-07-29 17:42:00+00:00,63902.33,63946.0,63902.33,63933.58
2026-07-29 17:43:00+00:00,63933.57,63972.0,63932.0,63972.0
2026-07-29 17:44:00+00:00,63971.99,63978.44,63962.0,63966.53
2026-07-29 17:45:00+00:00,63966.54,63970.26,63934.0,63934.01
2026-07-29 17:46:00+00:00,63934.01,63985.63,63934.0,63985.62
2026-07-29 17:47:00+00:00,63985.62,63987.74,63964.0,63970.02
2026-07-29 17:48:00+00:00,63970.01,63986.0,63970.01,63976.88
2026-07-29 17:49:00+00:00,63976.87,63992.9,63976.87,63992.9
2026-07-29 17:50:00+00:00,63992.9,64078.23,63992.9,64054.26
2026-07-29 17:51:00+00:00,64054.26,64066.0,64040.5,64058.18
2026-07-29 17:52:00+00:00,64058.18,64078.23,64047.03,64060.6
2026-07-29 17:53:00+00:00,64060.61,64145.89,64060.61,64145.88
2026-07-29 17:54:00+00:00,64145.89,64240.9,64115.21,64194.08
2026-07-29 17:55:00+00:00,64194.07,64200.0,64178.0,64178.0
2026-07-29 17:56:00+00:00,64178.0,64200.0,64178.0,64200.0
2026-07-29 17:57:00+00:00,64200.0,64210.0,64188.74,64188.75
2026-07-29 17:58:00+00:00,64188.74,64210.0,64176.95,64210.0
2026-07-29 17:59:00+00:00,64209.99,64286.71,64191.33,64269.83
2026-07-29 18:00:00+00:00,64269.83,64648.79,64256.0,64495.63
2026-07-29 18:01:00+00:00,64495.63,64548.0,64426.0,64548.0
2026-07-29 18:02:00+00:00,64547.99,64644.44,64484.0,64484.0
2026-07-29 18:03:00+00:00,64484.01,64536.0,64480.0,64509.48
2026-07-29 18:04:00+00:00,64509.48,64509.48,64399.57,64424.0
2026-07-29 18:05:00+00:00,64424.0,64494.26,64348.6,64371.69
2026-07-29 18:06:00+00:00,64374.23,64500.0,64374.23,64499.66
2026-07-29 18:07:00+00:00,64499.66,64518.59,64408.01,64408.01
2026-07-29 18:08:00+00:00,64408.01,64480.0,64400.0,64479.99
2026-07-29 18:09:00+00:00,64479.99,64479.99,64427.91,64433.99
2026-07-29 18:10:00+00:00,64434.0,64484.0,64428.01,64432.01
2026-07-29 18:11:00+00:00,64432.0,64467.87,64415.07,64467.87
2026-07-29 18:12:00+00:00,64467.87,64467.87,64380.81,64380.81
2026-07-29 18:13:00+00:00,64380.82,64419.51,64380.81,64404.01
2026-07-29 18:14:00+00:00,64404.0,64404.02,64322.0,64336.0
2026-07-29 18:15:00+00:00,64336.0,64393.54,64335.99,64342.04
2026-07-29 18:16:00+00:00,64342.04,64376.0,64304.0,64309.15
2026-07-29 18:17:00+00:00,64309.14,64310.86,64293.81,64305.52
2026-07-29 18:18:00+00:00,64305.52,64305.52,64252.0,64252.27
2026-07-29 18:19:00+00:00,64252.26,64252.26,64188.74,64241.73
2026-07-29 18:20:00+00:00,64241.72,64250.0,64208.0,64249.63
2026-07-29 18:21:00+00:00,64249.63,64259.87,64230.53,64238.53
2026-07-29 18:22:00+00:00,64238.52,64238.53,64188.75,64188.76
2026-07-29 18:23:00+00:00,64188.76,64199.99,64113.69,64126.19
2026-07-29 18:24:00+00:00,64126.18,64154.68,64114.14,64114.14
2026-07-29 18:25:00+00:00,64114.13,64114.13,63992.0,64003.34
2026-07-29 18:26:00+00:00,64003.35,64080.0,64003.34,64080.0
2026-07-29 18:27:00+00:00,64080.0,64088.9,64044.01,64088.9
2026-07-29 18:28:00+00:00,64088.9,64105.02,64066.86,64087.99
2026-07-29 18:29:00+00:00,64088.0,64118.0,64088.0,64098.0
2026-07-29 18:30:00+00:00,64098.0,64186.09,64098.0,64186.09
2026-07-29 18:31:00+00:00,64186.25,64194.19,63991.49,64006.71
2026-07-29 18:32:00+00:00,64006.7,64006.7,63758.0,63889.99
2026-07-29 18:33:00+00:00,63890.0,63978.62,63889.99,63978.62
2026-07-29 18:34:00+00:00,63978.62,63999.99,63923.54,63954.0
2026-07-29 18:35:00+00:00,63954.0,63962.0,63862.0,63905.99
2026-07-29 18:36:00+00:00,63905.99,63980.82,63904.18,63980.82
2026-07-29 18:37:00+00:00,63980.82,64083.69,63978.61,64083.69
2026-07-29 18:38:00+00:00,64083.68,64188.0,64072.0,64144.0
2026-07-29 18:39:00+00:00,64143.99,64256.0,64108.0,64188.74
2026-07-29 18:40:00+00:00,64188.74,64248.0,64180.38,64232.97
2026-07-29 18:41:00+00:00,64232.97,64384.0,64232.97,64338.02
2026-07-29 18:42:00+00:00,64338.02,64362.0,64269.99,64311.98
2026-07-29 18:43:00+00:00,64311.97,64386.0,64311.97,64386.0
2026-07-29 18:44:00+00:00,64385.99,64452.0,64364.0,64408.01
2026-07-29 18:45:00+00:00,64408.0,64412.01,64350.0,64366.92
2026-07-29 18:46:00+00:00,64366.92,64438.0,64364.0,64379.88
2026-07-29 18:47:00+00:00,64379.88,64488.0,64366.6,64425.99
2026-07-29 18:48:00+00:00,64426.0,64447.76,64407.27,64428.77
2026-07-29 18:49:00+00:00,64428.77,64510.0,64414.0,64509.09
2026-07-29 18:50:00+00:00,64509.1,64517.84,64420.0,64470.0
2026-07-29 18:51:00+00:00,64470.0,64515.92,64446.34,64515.92
2026-07-29 18:52:00+00:00,64515.92,64574.0,64504.18,64570.65
2026-07-29 18:53:00+00:00,64570.66,64630.57,64570.65,64630.2
2026-07-29 18:54:00+00:00,64630.19,64637.03,64566.32,64600.0
2026-07-29 18:55:00+00:00,64599.99,64610.0,64520.0,64520.0
2026-07-29 18:56:00+00:00,64520.0,64520.0,64462.22,64475.99
2026-07-29 18:57:00+00:00,64475.99,64501.98,64441.2,64494.0
2026-07-29 18:58:00+00:00,64493.99,64510.0,64478.0,64491.99
2026-07-29 18:59:00+00:00,64492.0,64504.0,64472.0,64501.52
2026-07-29 19:00:00+00:00,64501.52,64527.9,64484.01,64484.02
2026-07-29 19:01:00+00:00,64484.02,64573.86,64484.01,64573.86
2026-07-29 19:02:00+00:00,64573.85,64600.0,64552.04,64552.04
2026-07-29 19:03:00+00:00,64552.05,64572.02,64492.0,64492.0
2026-07-29 19:04:00+00:00,64492.01,64492.02,64448.0,64464.0
2026-07-29 19:05:00+00:00,64464.0,64476.0,64416.0,64450.0
2026-07-29 19:06:00+00:00,64450.0,64466.41,64399.73,64403.42
2026-07-29 19:07:00+00:00,64403.41,64403.41,64270.09,64277.56
2026-07-29 19:08:00+00:00,64277.55,64346.0,64261.68,64268.48
2026-07-29 19:09:00+00:00,64268.48,64309.99,64228.19,64228.19
2026-07-29 19:10:00+00:00,64228.01,64242.0,64180.38,64219.64
2026-07-29 19:11:00+00:00,64219.64,64293.94,64212.18,64293.93
2026-07-29 19:12:00+00:00,64293.94,64360.53,64293.94,64326.42
2026-07-29 19:13:00+00:00,64326.42,64344.0,64310.75,64310.75
2026-07-29 19:14:00+00:00,64310.75,64320.0,64270.91,64284.0
2026-07-29 19:15:00+00:00,64284.0,64366.0,64258.0,64365.99
2026-07-29 19:16:00+00:00,64366.0,64420.0,64366.0,64383.54
2026-07-29 19:17:00+00:00,64383.55,64388.0,64288.0,64291.2
2026-07-29 19:18:00+00:00,64291.2,64304.0,64230.24,64236.02
2026-07-29 19:19:00+00:00,64236.03,64264.71,64219.99,64264.7
2026-07-29 19:20:00+00:00,64264.71,64268.0,64185.56,64190.0
2026-07-29 19:21:00+00:00,64190.0,64190.01,64079.28,64171.06
2026-07-29 19:22:00+00:00,64171.07,64171.07,64084.44,64151.99
2026-07-29 19:23:00+00:00,64151.98,64151.98,64090.01,64146.0
2026-07-29 19:24:00+00:00,64145.99,64161.66,64124.56,64151.97
2026-07-29 19:25:00+00:00,64151.97,64154.01,64067.0,64067.01
2026-07-29 19:26:00+00:00,64067.01,64067.01,64008.0,64026.9
2026-07-29 19:27:00+00:00,64026.89,64026.89,63992.84,64009.78
2026-07-29 19:28:00+00:00,64009.77,64009.77,63964.0,63980.01
2026-07-29 19:29:00+00:00,63980.01,64033.77,63970.0,64033.77
2026-07-29 19:30:00+00:00,64033.77,64110.41,64020.0,64106.99
2026-07-29 19:31:00+00:00,64106.99,64117.09,64050.0,64088.97
2026-07-29 19:32:00+00:00,64088.98,64088.98,64000.0,64000.0
2026-07-29 19:33:00+00:00,64000.01,64024.0,63912.0,63912.01
2026-07-29 19:34:00+00:00,63912.0,63961.59,63881.0,63961.59
2026-07-29 19:35:00+00:00,63961.59,63975.21,63926.03,63963.81
2026-07-29 19:36:00+00:00,63963.81,64024.0,63938.61,64024.0
2026-07-29 19:37:00+00:00,64023.99,64043.47,63978.61,64005.99
2026-07-29 19:38:00+00:00,64006.0,64010.0,63939.51,63941.15
2026-07-29 19:39:00+00:00,63941.14,63947.51,63889.06,63897.11
2026-07-29 19:40:00+00:00,63897.11,63907.34,63850.0,63907.34
2026-07-29 19:41:00+00:00,63907.33,63962.01,63888.0,63897.99
2026-07-29 19:42:00+00:00,63897.99,63928.36,63891.6,63916.0
2026-07-29 19:43:00+00:00,63916.0,63950.0,63890.77,63943.61
2026-07-29 19:44:00+00:00,63943.6,63947.11,63860.38,63876.0
2026-07-29 19:45:00+00:00,63875.99,63902.0,63744.0,63751.6
2026-07-29 19:46:00+00:00,63751.61,63801.71,63710.25,63740.88
2026-07-29 19:47:00+00:00,63740.88,63747.39,63511.0,63553.15
2026-07-29 19:48:00+00:00,63553.15,63691.75,63553.14,63654.01
2026-07-29 19:49:00+00:00,63654.0,63725.25,63640.0,63725.24
2026-07-29 19:50:00+00:00,63725.25,63725.25,63632.01,63664.48
2026-07-29 19:51:00+00:00,63664.47,63664.47,63558.34,63663.97
2026-07-29 19:52:00+00:00,63663.97,63663.98,63558.83,63648.11
2026-07-29 19:53:00+00:00,63648.12,63658.41,63616.0,63641.06
2026-07-29 19:54:00+00:00,63641.05,63666.27,63636.0,63651.09
2026-07-29 19:55:00+00:00,63651.09,63665.21,63610.0,63665.21
2026-07-29 19:56:00+00:00,63665.21,63676.43,63657.42,63657.43
2026-07-29 19:57:00+00:00,63657.42,63657.42,63621.53,63621.53
2026-07-29 19:58:00+00:00,63621.53,63626.78,63576.21,63606.23
2026-07-29 19:59:00+00:00,63606.24,63613.98,63558.33,63589.46
2026-07-29 20:00:00+00:00,63589.46,63607.88,63500.0,63566.0
2026-07-29 20:01:00+00:00,63566.0,63626.78,63501.09,63531.45
2026-07-29 20:02:00+00:00,63531.44,63531.45,63410.0,63518.22
2026-07-29 20:03:00+00:00,63518.92,63560.69,63483.38,63560.69
2026-07-29 20:04:00+00:00,63560.69,63560.69,63462.0,63503.99
2026-07-29 20:05:00+00:00,63504.0,63570.0,63504.0,63531.99
2026-07-29 20:06:00+00:00,63532.0,63604.66,63501.67,63604.66
2026-07-29 20:07:00+00:00,63604.66,63604.66,63568.65,63568.65
2026-07-29 20:08:00+00:00,63568.64,63568.65,63442.0,63442.0
2026-07-29 20:09:00+00:00,63442.01,63462.99,63378.09,63378.1
2026-07-29 20:10:00+00:00,63378.1,63454.18,63378.09,63454.18
2026-07-29 20:11:00+00:00,63454.18,63531.98,63454.18,63522.79
2026-07-29 20:12:00+00:00,63522.8,63545.6,63492.38,63545.59
2026-07-29 20:13:00+00:00,63545.6,63642.0,63545.59,63605.43
2026-07-29 20:14:00+00:00,63605.44,63614.0,63605.43,63611.28
2026-07-29 20:15:00+00:00,63611.28,63655.3,63602.0,63655.3
2026-07-29 20:16:00+00:00,63655.3,63707.58,63655.3,63677.63
2026-07-29 20:17:00+00:00,63677.63,63718.89,63672.0,63712.53
2026-07-29 20:18:00+00:00,63712.53,63712.53,63656.29,63656.29
2026-07-29 20:19:00+00:00,63656.3,63674.01,63614.0,63636.0
2026-07-29 20:20:00+00:00,63636.0,63687.25,63636.0,63649.49
2026-07-29 20:21:00+00:00,63649.48,63687.25,63634.39,63687.25
2026-07-29 20:22:00+00:00,63687.25,63700.0,63658.0,63658.0
2026-07-29 20:23:00+00:00,63658.01,63690.0,63658.01,63674.0
2026-07-29 20:24:00+00:00,63674.01,63674.01,63617.43,63617.44
2026-07-29 20:25:00+00:00,63617.43,63639.23,63592.09,63592.09
2026-07-29 20:26:00+00:00,63592.1,63592.1,63519.05,63548.0
2026-07-29 20:27:00+00:00,63547.99,63548.0,63464.0,63464.01
2026-07-29 20:28:00+00:00,63464.0,63484.0,63407.99,63483.99
2026-07-29 20:29:00+00:00,63483.99,63534.74,63483.99,63530.52
2026-07-29 20:30:00+00:00,63530.52,63541.99,63506.0,63541.99
2026-07-29 20:31:00+00:00,63541.99,63545.0,63510.0,63521.99
2026-07-29 20:32:00+00:00,63521.98,63572.0,63521.98,63572.0
2026-07-29 20:33:00+00:00,63572.0,63572.93,63526.0,63561.99
2026-07-29 20:34:00+00:00,63561.99,63592.83,63558.33,63585.7
2026-07-29 20:35:00+00:00,63585.7,63648.7,63581.43,63646.19
2026-07-29 20:36:00+00:00,63646.19,63648.7,63605.31,63620.01
2026-07-29 20:37:00+00:00,63620.01,63635.99,63601.67,63635.99
2026-07-29 20:38:00+00:00,63636.0,63686.0,63635.99,63686.0
2026-07-29 20:39:00+00:00,63686.0,63708.88,63686.0,63704.01
2026-07-29 20:40:00+00:00,63704.01,63746.42,63701.45,63725.67
2026-07-29 20:41:00+00:00,63725.68,63725.68,63658.51,63670.0
2026-07-29 20:42:00+00:00,63669.99,63683.4,63632.0,63641.2
2026-07-29 20:43:00+00:00,63641.21,63670.01,63619.92,63670.0
2026-07-29 20:44:00+00:00,63670.01,63670.01,63590.89,63590.9
2026-07-29 20:45:00+00:00,63590.9,63618.58,63569.46,63617.89
2026-07-29 20:46:00+00:00,63617.89,63617.89,63569.47,63576.08
2026-07-29 20:47:00+00:00,63576.08,63576.09,63561.43,63573.64
2026-07-29 20:48:00+00:00,63573.65,63602.0,63528.09,63528.09
2026-07-29 20:49:00+00:00,63528.09,63542.01,63521.32,63530.57
2026-07-29 20:50:00+00:00,63530.57,63539.0,63522.0,63539.0
2026-07-29 20:51:00+00:00,63539.0,63555.3,63538.0,63551.99
2026-07-29 20:52:00+00:00,63551.99,63562.91,63500.0,63556.42
2026-07-29 20:53:00+00:00,63556.42,63572.8,63545.69,63545.69
2026-07-29 20:54:00+00:00,63545.7,63559.69,63545.69,63559.68
2026-07-29 20:55:00+00:00,63559.69,63573.34,63515.61,63515.61
2026-07-29 20:56:00+00:00,63515.61,63516.26,63472.76,63516.26
2026-07-29 20:57:00+00:00,63516.27,63522.0,63504.32,63514.0
2026-07-29 20:58:00+00:00,63514.0,63514.0,63479.12,63487.09
2026-07-29 20:59:00+00:00,63487.1,63528.36,63484.0,63522.01
2026-07-29 21:00:00+00:00,63522.01,63527.94,63464.0,63527.93
2026-07-29 21:01:00+00:00,63527.94,63527.94,63483.48,63483.48
2026-07-29 21:02:00+00:00,63483.48,63486.96,63475.99,63486.95
2026-07-29 21:03:00+00:00,63486.96,63489.95,63368.42,63379.99
2026-07-29 21:04:00+00:00,63379.99,63445.46,63309.52,63334.45
2026-07-29 21:05:00+00:00,63334.46,63369.74,63267.34,63369.73
2026-07-29 21:06:00+00:00,63369.74,63405.99,63369.74,63374.0
2026-07-29 21:07:00+00:00,63374.0,63374.0,63304.0,63366.62
2026-07-29 21:08:00+00:00,63366.62,63369.99,63283.89,63313.81
2026-07-29 21:09:00+00:00,63313.8,63350.82,63313.8,63350.82
2026-07-29 21:10:00+00:00,63350.81,63458.51,63350.81,63444.56
2026-07-29 21:11:00+00:00,63444.58,63445.13,63420.0,63425.99
2026-07-29 21:12:00+00:00,63426.0,63461.45,63425.99,63461.44
2026-07-29 21:13:00+00:00,63461.45,63496.0,63461.45,63478.0
2026-07-29 21:14:00+00:00,63477.99,63498.03,63477.99,63494.01
2026-07-29 21:15:00+00:00,63494.0,63494.01,63437.65,63444.29
2026-07-29 21:16:00+00:00,63444.29,63444.29,63415.21,63415.22
2026-07-29 21:17:00+00:00,63415.21,63415.22,63377.45,63377.45
2026-07-29 21:18:00+00:00,63377.45,63412.0,63377.45,63408.0
2026-07-29 21:19:00+00:00,63408.0,63451.61,63407.99,63451.6
2026-07-29 21:20:00+00:00,63451.6,63517.98,63451.6,63480.66
2026-07-29 21:21:00+00:00,63480.65,63487.1,63464.0,63479.2
2026-07-29 21:22:00+00:00,63479.2,63489.84,63479.19,63489.84
2026-07-29 21:23:00+00:00,63489.83,63509.38,63479.19,63509.37
2026-07-29 21:24:00+00:00,63509.37,63521.87,63492.88,63521.87
2026-07-29 21:25:00+00:00,63521.86,63521.87,63498.0,63498.01
2026-07-29 21:26:00+00:00,63498.01,63498.01,63468.1,63490.68
2026-07-29 21:27:00+00:00,63490.68,63529.22,63490.68,63529.21
2026-07-29 21:28:00+00:00,63529.21,63558.35,63529.21,63530.0
2026-07-29 21:29:00+00:00,63530.01,63575.6,63530.0,63575.59
2026-07-29 21:30:00+00:00,63575.58,63575.6,63556.0,63567.31
2026-07-29 21:31:00+00:00,63567.31,63568.81,63552.3,63552.3
2026-07-29 21:32:00+00:00,63552.31,63592.0,63552.3,63592.0
2026-07-29 21:33:00+00:00,63591.99,63600.0,63582.0,63588.0
2026-07-29 21:34:00+00:00,63588.0,63588.0,63582.56,63585.99
2026-07-29 21:35:00+00:00,63586.0,63587.96,63547.54,63553.6
2026-07-29 21:36:00+00:00,63553.59,63559.2,63551.84,63559.19
2026-07-29 21:37:00+00:00,63559.2,63587.96,63554.05,63577.83
2026-07-29 21:38:00+00:00,63577.84,63634.03,63577.83,63626.98
2026-07-29 21:39:00+00:00,63626.98,63636.04,63612.0,63616.92
2026-07-29 21:40:00+00:00,63616.91,63641.25,63608.0,63641.25
2026-07-29 21:41:00+00:00,63641.25,63641.25,63615.65,63629.3
2026-07-29 21:42:00+00:00,63629.3,63629.31,63591.25,63591.25
2026-07-29 21:43:00+00:00,63591.25,63592.14,63558.9,63591.58
2026-07-29 21:44:00+00:00,63591.57,63591.57,63548.0,63560.75
2026-07-29 21:45:00+00:00,63560.76,63577.05,63535.24,63553.99
2026-07-29 21:46:00+00:00,63553.99,63577.26,63553.99,63577.26
2026-07-29 21:47:00+00:00,63577.26,63577.29,63546.5,63560.57
2026-07-29 21:48:00+00:00,63560.57,63663.42,63560.56,63663.41
2026-07-29 21:49:00+00:00,63663.41,63666.58,63622.17,63622.18
2026-07-29 21:50:00+00:00,63622.18,63646.3,63618.0,63619.71
2026-07-29 21:51:00+00:00,63619.7,63641.17,63619.7,63641.16
2026-07-29 21:52:00+00:00,63641.17,63778.19,63641.16,63768.47
2026-07-29 21:53:00+00:00,63768.47,63790.92,63739.29,63754.0
2026-07-29 21:54:00+00:00,63754.0,63756.0,63735.88,63739.11
2026-07-29 21:55:00+00:00,63739.12,63746.0,63710.01,63735.28
2026-07-29 21:56:00+00:00,63735.28,63735.28,63726.0,63732.0
2026-07-29 21:57:00+00:00,63732.0,63773.99,63731.99,63773.99
2026-07-29 21:58:00+00:00,63774.0,63848.29,63774.0,63848.29
2026-07-29 21:59:00+00:00,63848.28,63860.0,63826.7,63860.0
2026-07-29 22:00:00+00:00,63860.0,63910.44,63859.99,63884.33
2026-07-29 22:01:00+00:00,63884.32,64000.0,63879.1,63905.04
2026-07-29 22:02:00+00:00,63905.03,63936.0,63902.47,63935.99
2026-07-29 22:03:00+00:00,63936.0,63969.67,63914.27,63953.63
2026-07-29 22:04:00+00:00,63953.62,63953.63,63910.82,63913.38
2026-07-29 22:05:00+00:00,63913.37,64074.0,63913.37,64053.96
2026-07-29 22:06:00+00:00,64053.96,64104.0,64038.08,64038.08
2026-07-29 22:07:00+00:00,64038.09,64038.09,63958.0,63959.43
2026-07-29 22:08:00+00:00,63959.43,64024.01,63959.43,64000.0
2026-07-29 22:09:00+00:00,64000.01,64024.01,63978.61,63978.62
2026-07-29 22:10:00+00:00,63978.62,64030.87,63978.61,64030.87
2026-07-29 22:11:00+00:00,64030.87,64111.76,64030.0,64030.01
2026-07-29 22:12:00+00:00,64030.01,64080.0,64007.4,64079.99
2026-07-29 22:13:00+00:00,64080.0,64083.2,64054.01,64054.02
2026-07-29 22:14:00+00:00,64054.02,64054.03,64002.54,64018.45
2026-07-29 22:15:00+00:00,64018.45,64027.79,63979.89,63979.9
2026-07-29 22:16:00+00:00,63979.89,64038.0,63978.61,64020.0
2026-07-29 22:17:00+00:00,64020.0,64099.12,64018.0,64070.51
2026-07-29 22:18:00+00:00,64070.5,64071.0,64054.0,64063.98
2026-07-29 22:19:00+00:00,64063.98,64131.44,64063.98,64108.66
2026-07-29 22:20:00+00:00,64108.65,64108.66,64066.73,64073.53
2026-07-29 22:21:00+00:00,64073.53,64073.54,64055.46,64063.99
2026-07-29 22:22:00+00:00,64063.98,64083.01,64019.11,64019.12
2026-07-29 22:23:00+00:00,64019.12,64035.07,64019.11,64032.45
2026-07-29 22:24:00+00:00,64032.44,64032.45,64006.0,64006.0
2026-07-29 22:25:00+00:00,64006.01,64029.99,63986.0,64029.99
2026-07-29 22:26:00+00:00,64029.98,64036.0,64018.88,64022.28
2026-07-29 22:27:00+00:00,64022.28,64022.28,64014.94,64019.65
2026-07-29 22:28:00+00:00,64019.64,64036.41,63995.0,63995.01
2026-07-29 22:29:00+00:00,63995.01,64045.87,63995.01,64045.86
2026-07-29 22:30:00+00:00,64045.86,64055.88,63975.33,63975.33
2026-07-29 22:31:00+00:00,63975.34,63993.61,63966.0,63977.99
2026-07-29 22:32:00+00:00,63978.0,64000.0,63978.0,63984.84
2026-07-29 22:33:00+00:00,63984.83,63984.83,63948.8,63962.0
2026-07-29 22:34:00+00:00,63962.0,63967.68,63951.1,63952.95
2026-07-29 22:35:00+00:00,63952.96,63959.74,63932.06,63959.74
2026-07-29 22:36:00+00:00,63959.73,63959.73,63927.89,63956.0
2026-07-29 22:37:00+00:00,63955.99,63968.0,63950.0,63960.03
2026-07-29 22:38:00+00:00,63960.03,63968.0,63949.97,63961.13
2026-07-29 22:39:00+00:00,63961.13,63965.2,63957.57,63962.63
2026-07-29 22:40:00+00:00,63962.63,63962.64,63952.82,63952.83
2026-07-29 22:41:00+00:00,63952.82,63960.77,63952.45,63960.76
2026-07-29 22:42:00+00:00,63960.77,63995.77,63960.76,63988.01
2026-07-29 22:43:00+00:00,63988.0,64030.0,63978.61,64021.81
2026-07-29 22:44:00+00:00,64021.81,64038.64,64015.36,64015.37
2026-07-29 22:45:00+00:00,64015.37,64027.81,64015.36,64027.81
2026-07-29 22:46:00+00:00,64027.81,64027.81,63958.0,63958.01
2026-07-29 22:47:00+00:00,63958.0,63958.01,63955.12,63957.69
2026-07-29 22:48:00+00:00,63957.68,63957.68,63936.05,63936.05
2026-07-29 22:49:00+00:00,63936.05,63936.06,63931.97,63931.97
2026-07-29 22:50:00+00:00,63931.97,63944.52,63927.61,63932.58
2026-07-29 22:51:00+00:00,63932.58,63949.6,63931.61,63948.5
2026-07-29 22:52:00+00:00,63948.5,63948.51,63910.52,63919.55
2026-07-29 22:53:00+00:00,63919.55,63931.02,63919.55,63931.02
2026-07-29 22:54:00+00:00,63931.01,63931.02,63922.58,63931.01
2026-07-29 22:55:00+00:00,63931.01,63941.5,63930.95,63941.5
2026-07-29 22:56:00+00:00,63941.49,63945.05,63941.49,63941.49
2026-07-29 22:57:00+00:00,63941.5,63943.59,63941.5,63943.58
2026-07-29 22:58:00+00:00,63943.59,63943.59,63941.47,63942.52
2026-07-29 22:59:00+00:00,63942.51,63942.52,63942.5,63942.5
2026-07-29 23:00:00+00:00,63942.5,63945.05,63928.51,63928.51
2026-07-29 23:01:00+00:00,63928.52,63931.1,63922.43,63922.43
2026-07-29 23:02:00+00:00,63922.43,63934.55,63922.43,63927.57
2026-07-29 23:03:00+00:00,63927.56,63949.1,63927.56,63949.09
2026-07-29 23:04:00+00:00,63949.09,63949.1,63929.62,63929.62
2026-07-29 23:05:00+00:00,63929.62,63930.01,63912.01,63912.01
2026-07-29 23:06:00+00:00,63912.02,63949.99,63901.99,63949.99
2026-07-29 23:07:00+00:00,63949.98,63949.99,63929.4,63932.98
2026-07-29 23:08:00+00:00,63932.97,63972.37,63922.52,63972.37
2026-07-29 23:09:00+00:00,63972.37,63988.4,63966.73,63966.74
2026-07-29 23:10:00+00:00,63966.74,63966.74,63912.33,63924.01
2026-07-29 23:11:00+00:00,63924.01,63930.0,63902.33,63902.33
2026-07-29 23:12:00+00:00,63902.33,63912.0,63900.0,63906.0
2026-07-29 23:13:00+00:00,63906.0,63906.0,63899.0,63899.0
2026-07-29 23:14:00+00:00,63899.01,63922.35,63899.0,63922.34
2026-07-29 23:15:00+00:00,63922.35,63933.2,63918.22,63923.51
2026-07-29 23:16:00+00:00,63923.52,63970.76,63923.51,63970.76
2026-07-29 23:17:00+00:00,63970.76,63996.63,63970.75,63993.96
2026-07-29 23:18:00+00:00,63993.96,64022.0,63993.96,64022.0
2026-07-29 23:19:00+00:00,64022.0,64067.12,64021.99,64054.05
2026-07-29 23:20:00+00:00,64054.05,64054.06,64044.0,64044.01
2026-07-29 23:21:00+00:00,64044.0,64044.0,64035.08,64035.08
2026-07-29 23:22:00+00:00,64035.07,64038.11,64016.05,64016.05
2026-07-29 23:23:00+00:00,64016.05,64035.08,64005.6,64032.01
2026-07-29 23:24:00+00:00,64032.01,64032.02,64012.35,64012.36
2026-07-29 23:25:00+00:00,64012.35,64012.35,63982.0,63992.33
2026-07-29 23:26:00+00:00,63992.33,64010.0,63992.33,64010.0
2026-07-29 23:27:00+00:00,64010.0,64032.0,64009.99,64026.01
2026-07-29 23:28:00+00:00,64026.01,64026.01,64021.12,64021.12
2026-07-29 23:29:00+00:00,64021.12,64021.13,64005.07,64005.07
2026-07-29 23:30:00+00:00,64005.08,64024.12,64005.07,64016.94
2026-07-29 23:31:00+00:00,64016.95,64032.0,64016.95,64031.99
2026-07-29 23:32:00+00:00,64032.0,64032.0,64031.99,64031.99
2026-07-29 23:33:00+00:00,64032.0,64032.72,63950.01,63950.33
2026-07-29 23:34:00+00:00,63950.33,63966.0,63950.0,63965.99
2026-07-29 23:35:00+00:00,63966.0,63998.0,63965.99,63998.0
2026-07-29 23:36:00+00:00,63997.99,63998.0,63983.55,63983.55
2026-07-29 23:37:00+00:00,63983.56,63983.56,63950.0,63950.01
2026-07-29 23:38:00+00:00,63950.01,63950.02,63950.0,63950.02
2026-07-29 23:39:00+00:00,63950.02,63972.0,63950.01,63967.99
2026-07-29 23:40:00+00:00,63967.99,63968.0,63954.37,63954.37
2026-07-29 23:41:00+00:00,63954.38,63972.0,63929.09,63972.0
2026-07-29 23:42:00+00:00,63972.0,63983.8,63972.0,63983.79
2026-07-29 23:43:00+00:00,63983.8,63998.0,63981.22,63998.0
2026-07-29 23:44:00+00:00,63997.99,64001.75,63997.99,64001.74
2026-07-29 23:45:00+00:00,64001.74,64033.59,64001.74,64033.59
2026-07-29 23:46:00+00:00,64033.59,64060.0,64021.53,64048.0
2026-07-29 23:47:00+00:00,64047.99,64048.69,64006.05,64006.06
2026-07-29 23:48:00+00:00,64006.06,64025.89,64006.05,64016.01
2026-07-29 23:49:00+00:00,64016.0,64016.01,63989.98,63989.99
2026-07-29 23:50:00+00:00,63989.98,64001.05,63989.98,64001.04
2026-07-29 23:51:00+00:00,64001.05,64016.0,63976.0,63978.62
2026-07-29 23:52:00+00:00,63978.61,63978.62,63948.38,63964.36
2026-07-29 23:53:00+00:00,63964.35,63990.0,63964.35,63980.69
2026-07-29 23:54:00+00:00,63980.69,64029.69,63980.58,64029.69
2026-07-29 23:55:00+00:00,64029.68,64029.69,64008.0,64008.0
2026-07-29 23:56:00+00:00,64008.01,64008.01,63996.68,63996.68
2026-07-29 23:57:00+00:00,63996.68,63996.69,63983.0,63983.01
2026-07-29 23:58:00+00:00,63983.0,63989.11,63983.0,63983.01
2026-07-29 23:59:00+00:00,63983.01,63989.14,63983.0,63984.28
2026-07-30 00:00:00+00:00,63984.29,64030.0,63983.0,64029.99
2026-07-30 00:01:00+00:00,64029.99,64030.0,64012.0,64015.51
2026-07-30 00:02:00+00:00,64015.51,64015.51,63998.99,64003.99
2026-07-30 00:03:00+00:00,64003.99,64008.95,63983.2,63986.0
2026-07-30 00:04:00+00:00,63986.0,64004.0,63984.07,64003.99
2026-07-30 00:05:00+00:00,64004.0,64018.0,64000.0,64008.01
2026-07-30 00:06:00+00:00,64008.01,64057.59,64008.0,64052.59
2026-07-30 00:07:00+00:00,64052.58,64052.58,64026.3,64026.3
2026-07-30 00:08:00+00:00,64026.3,64059.29,64026.3,64047.12
2026-07-30 00:09:00+00:00,64047.12,64047.14,64037.26,64040.05
2026-07-30 00:10:00+00:00,64040.06,64047.14,64026.0,64026.0
2026-07-30 00:11:00+00:00,64026.0,64066.51,64026.0,64055.08
2026-07-30 00:12:00+00:00,64055.08,64058.0,64032.0,64057.72
2026-07-30 00:13:00+00:00,64057.72,64100.24,64057.72,64083.69
2026-07-30 00:14:00+00:00,64083.69,64083.69,64032.95,64032.95
2026-07-30 00:15:00+00:00,64032.95,64117.09,64015.0,64111.04
2026-07-30 00:16:00+00:00,64111.04,64125.61,64091.07,64092.26
2026-07-30 00:17:00+00:00,64092.27,64092.27,64061.44,64061.45
2026-07-30 00:18:00+00:00,64061.45,64100.02,64055.16,64090.25
2026-07-30 00:19:00+00:00,64090.25,64090.25,64050.0,64050.0
2026-07-30 00:20:00+00:00,64050.01,64050.01,64005.23,64022.91
2026-07-30 00:21:00+00:00,64022.9,64028.92,64020.0,64020.01
2026-07-30 00:22:00+00:00,64020.0,64033.72,64020.0,64033.72
2026-07-30 00:23:00+00:00,64033.72,64033.72,64024.94,64025.05
2026-07-30 00:24:00+00:00,64025.05,64025.05,63987.22,63987.23
2026-07-30 00:25:00+00:00,63987.23,63991.4,63984.07,63987.99
2026-07-30 00:26:00+00:00,63987.99,64006.54,63987.99,63998.1
2026-07-30 00:27:00+00:00,63998.1,63998.11,63959.01,63973.99
2026-07-30 00:28:00+00:00,63974.0,64003.51,63973.99,64003.5
2026-07-30 00:29:00+00:00,64003.51,64010.0,64003.5,64006.01
2026-07-30 00:30:00+00:00,64006.0,64008.48,63978.61,63978.81
2026-07-30 00:31:00+00:00,63978.81,63978.81,63940.98,63940.99
2026-07-30 00:32:00+00:00,63940.98,63940.98,63858.0,63867.19
2026-07-30 00:33:00+00:00,63867.18,63874.0,63859.71,63872.79
2026-07-30 00:34:00+00:00,63872.8,63872.8,63846.82,63846.82
2026-07-30 00:35:00+00:00,63846.83,63853.99,63834.06,63853.35
2026-07-30 00:36:00+00:00,63853.36,63853.36,63830.0,63837.99
2026-07-30 00:37:00+00:00,63838.0,63838.0,63800.77,63806.0
2026-07-30 00:38:00+00:00,63805.99,63834.0,63805.99,63820.04
2026-07-30 00:39:00+00:00,63820.03,63822.0,63800.0,63800.0
2026-07-30 00:40:00+00:00,63800.0,63812.0,63792.26,63811.99
2026-07-30 00:41:00+00:00,63811.99,63812.0,63792.26,63796.12
2026-07-30 00:42:00+00:00,63796.12,63796.12,63722.0,63722.0
2026-07-30 00:43:00+00:00,63722.01,63739.9,63712.0,63718.5
2026-07-30 00:44:00+00:00,63718.5,63718.5,63694.0,63694.01
2026-07-30 00:45:00+00:00,63694.0,63725.99,63694.0,63723.43
2026-07-30 00:46:00+00:00,63723.42,63725.26,63698.0,63714.93
2026-07-30 00:47:00+00:00,63714.92,63724.02,63695.28,63710.92
2026-07-30 00:48:00+00:00,63710.92,63740.97,63710.92,63732.24
2026-07-30 00:49:00+00:00,63732.25,63750.0,63726.7,63750.0
2026-07-30 00:50:00+00:00,63749.99,63749.99,63686.0,63686.01
2026-07-30 00:51:00+00:00,63686.01,63716.0,63686.0,63716.0
2026-07-30 00:52:00+00:00,63716.0,63726.0,63712.16,63724.0
2026-07-30 00:53:00+00:00,63723.99,63724.0,63630.0,63630.01
2026-07-30 00:54:00+00:00,63630.01,63647.49,63620.0,63620.01
2026-07-30 00:55:00+00:00,63620.0,63620.01,63614.15,63617.99
2026-07-30 00:56:00+00:00,63618.0,63626.0,63617.99,63620.89
2026-07-30 00:57:00+00:00,63620.88,63626.0,63603.92,63616.0
2026-07-30 00:58:00+00:00,63616.0,63647.89,63616.0,63645.34
2026-07-30 00:59:00+00:00,63645.34,63696.73,63645.33,63696.72
2026-07-30 01:00:00+00:00,63696.73,63731.63,63691.9,63691.9
2026-07-30 01:01:00+00:00,63691.91,63708.88,63691.9,63708.88
2026-07-30 01:02:00+00:00,63708.88,63766.0,63708.87,63760.0
2026-07-30 01:03:00+00:00,63760.0,63778.99,63734.53,63778.98
2026-07-30 01:04:00+00:00,63778.98,63829.61,63768.47,63829.61
2026-07-30 01:05:00+00:00,63829.61,63883.22,63755.56,63766.14
2026-07-30 01:06:00+00:00,63766.15,63815.26,63756.0,63815.25
2026-07-30 01:07:00+00:00,63815.26,63881.81,63815.26,63863.06
2026-07-30 01:08:00+00:00,63863.06,63883.23,63850.0,63850.01
2026-07-30 01:09:00+00:00,63850.01,63850.01,63806.13,63806.14
2026-07-30 01:10:00+00:00,63806.14,63806.14,63758.93,63780.61
2026-07-30 01:11:00+00:00,63780.6,63802.0,63779.79,63779.79
2026-07-30 01:12:00+00:00,63779.79,63779.8,63762.0,63771.99
2026-07-30 01:13:00+00:00,63771.99,63771.99,63762.0,63765.99
2026-07-30 01:14:00+00:00,63766.0,63766.0,63706.0,63706.01
2026-07-30 01:15:00+00:00,63706.0,63715.27,63690.0,63695.0
2026-07-30 01:16:00+00:00,63695.0,63728.63,63694.99,63728.62
2026-07-30 01:17:00+00:00,63728.63,63758.0,63728.62,63736.05
2026-07-30 01:18:00+00:00,63736.05,63736.05,63695.85,63717.99
2026-07-30 01:19:00+00:00,63718.0,63743.39,63710.6,63743.38
2026-07-30 01:20:00+00:00,63743.39,63765.99,63732.49,63736.0
2026-07-30 01:21:00+00:00,63736.0,63780.0,63735.99,63769.85
2026-07-30 01:22:00+00:00,63769.84,63794.83,63766.0,63794.83
2026-07-30 01:23:00+00:00,63794.82,63800.0,63794.0,63799.99
2026-07-30 01:24:00+00:00,63799.99,63839.53,63799.99,63839.46
2026-07-30 01:25:00+00:00,63839.46,63839.53,63825.6,63826.01
2026-07-30 01:26:00+00:00,63826.0,63827.16,63812.44,63825.44
2026-07-30 01:27:00+00:00,63825.43,63825.44,63820.0,63825.17
2026-07-30 01:28:00+00:00,63825.18,63839.53,63825.17,63836.96
2026-07-30 01:29:00+00:00,63836.96,63836.96,63834.0,63834.0
2026-07-30 01:30:00+00:00,63834.0,63866.18,63833.99,63866.16
2026-07-30 01:31:00+00:00,63866.16,63882.0,63866.16,63882.0
2026-07-30 01:32:00+00:00,63882.0,63939.89,63882.0,63939.88
2026-07-30 01:33:00+00:00,63939.89,63958.06,63939.88,63957.97
2026-07-30 01:34:00+00:00,63957.96,63970.0,63957.96,63970.0
2026-07-30 01:35:00+00:00,63969.99,64050.0,63969.99,64040.0
2026-07-30 01:36:00+00:00,64040.01,64063.44,64010.76,64027.6
2026-07-30 01:37:00+00:00,64027.6,64027.6,63981.25,64002.11
2026-07-30 01:38:00+00:00,64002.11,64013.7,63998.06,63998.08
2026-07-30 01:39:00+00:00,63998.07,63998.08,63967.42,63967.42
2026-07-30 01:40:00+00:00,63967.42,64029.66,63967.42,64029.65
2026-07-30 01:41:00+00:00,64029.65,64060.42,64018.0,64054.0
2026-07-30 01:42:00+00:00,64054.0,64056.75,64048.0,64056.75
2026-07-30 01:43:00+00:00,64056.74,64069.59,64052.01,64066.01
2026-07-30 01:44:00+00:00,64066.0,64066.01,64059.71,64059.71
2026-07-30 01:45:00+00:00,64059.72,64097.84,64039.93,64097.83
2026-07-30 01:46:00+00:00,64097.84,64256.84,64097.84,64216.74
2026-07-30 01:47:00+00:00,64216.75,64221.9,64198.0,64212.44
2026-07-30 01:48:00+00:00,64212.43,64268.0,64212.43,64228.22
2026-07-30 01:49:00+00:00,64228.22,64231.58,64218.0,64231.58
2026-07-30 01:50:00+00:00,64231.57,64231.58,64203.43,64203.44
2026-07-30 01:51:00+00:00,64203.43,64220.0,64202.0,64217.02
2026-07-30 01:52:00+00:00,64217.01,64220.0,64182.0,64211.02
2026-07-30 01:53:00+00:00,64210.12,64256.0,64193.25,64252.61
2026-07-30 01:54:00+00:00,64252.6,64324.15,64242.54,64305.75
2026-07-30 01:55:00+00:00,64305.75,64370.0,64303.38,64314.53
2026-07-30 01:56:00+00:00,64314.52,64324.82,64292.42,64302.01
2026-07-30 01:57:00+00:00,64302.02,64314.0,64286.33,64308.3
2026-07-30 01:58:00+00:00,64308.29,64308.3,64257.92,64266.0
2026-07-30 01:59:00+00:00,64266.0,64266.01,64258.76,64266.0
2026-07-30 02:00:00+00:00,64266.01,64318.0,64266.01,64318.0
2026-07-30 02:01:00+00:00,64318.0,64331.03,64270.62,64270.63
2026-07-30 02:02:00+00:00,64270.63,64276.83,64237.63,64268.0
2026-07-30 02:03:00+00:00,64268.0,64326.47,64268.0,64306.63
2026-07-30 02:04:00+00:00,64306.62,64306.62,64278.31,64278.32
2026-07-30 02:05:00+00:00,64278.31,64299.99,64250.0,64297.4
2026-07-30 02:06:00+00:00,64297.4,64316.0,64297.39,64310.01
2026-07-30 02:07:00+00:00,64310.01,64326.68,64300.93,64326.67
2026-07-30 02:08:00+00:00,64326.68,64350.0,64318.76,64350.0
2026-07-30 02:09:00+00:00,64349.99,64375.77,64320.45,64320.46
2026-07-30 02:10:00+00:00,64320.45,64321.53,64300.0,64300.01
2026-07-30 02:11:00+00:00,64300.0,64316.77,64284.83,64316.76
2026-07-30 02:12:00+00:00,64316.77,64358.0,64316.76,64355.63
2026-07-30 02:13:00+00:00,64355.63,64390.13,64355.63,64357.28
2026-07-30 02:14:00+00:00,64357.28,64357.28,64330.31,64330.32
2026-07-30 02:15:00+00:00,64330.31,64330.32,64316.64,64321.79
2026-07-30 02:16:00+00:00,64321.79,64322.51,64302.0,64303.3
2026-07-30 02:17:00+00:00,64303.3,64320.0,64301.91,64319.99
2026-07-30 02:18:00+00:00,64319.99,64385.69,64319.33,64381.21
2026-07-30 02:19:00+00:00,64381.21,64381.22,64340.0,64342.73
2026-07-30 02:20:00+00:00,64342.74,64368.32,64340.0,64364.39
2026-07-30 02:21:00+00:00,64364.38,64384.18,64364.38,64375.48
2026-07-30 02:22:00+00:00,64375.48,64411.76,64361.37,64375.43
2026-07-30 02:23:00+00:00,64375.43,64385.75,64356.0,64356.0
2026-07-30 02:24:00+00:00,64356.0,64356.01,64342.31,64342.31
2026-07-30 02:25:00+00:00,64342.31,64367.8,64330.28,64330.29
2026-07-30 02:26:00+00:00,64330.28,64330.29,64322.67,64322.67
2026-07-30 02:27:00+00:00,64322.67,64349.3,64322.67,64334.35
2026-07-30 02:28:00+00:00,64334.36,64361.47,64331.77,64361.46
2026-07-30 02:29:00+00:00,64361.47,64361.47,64330.32,64354.01
2026-07-30 02:30:00+00:00,64354.01,64354.01,64328.0,64328.01
2026-07-30 02:31:00+00:00,64328.01,64328.01,64299.72,64299.72
2026-07-30 02:32:00+00:00,64299.72,64299.72,64271.21,64276.63
2026-07-30 02:33:00+00:00,64276.62,64276.63,64252.56,64252.57
2026-07-30 02:34:00+00:00,64252.57,64252.57,64242.22,64242.23
2026-07-30 02:35:00+00:00,64242.22,64242.23,64221.93,64224.25
2026-07-30 02:36:00+00:00,64224.25,64230.0,64221.93,64229.99
2026-07-30 02:37:00+00:00,64229.99,64234.0,64218.0,64231.99
2026-07-30 02:38:00+00:00,64231.99,64251.35,64231.99,64251.35
2026-07-30 02:39:00+00:00,64251.35,64251.36,64248.18,64251.35
2026-07-30 02:40:00+00:00,64251.35,64274.0,64251.35,64263.99
2026-07-30 02:41:00+00:00,64264.0,64285.56,64238.0,64251.84
2026-07-30 02:42:00+00:00,64251.84,64280.0,64251.84,64280.0
2026-07-30 02:43:00+00:00,64280.0,64306.0,64279.99,64305.99
2026-07-30 02:44:00+00:00,64305.99,64322.0,64305.99,64320.0
2026-07-30 02:45:00+00:00,64320.0,64320.0,64283.11,64283.11
2026-07-30 02:46:00+00:00,64283.11,64290.0,64283.11,64289.99
2026-07-30 02:47:00+00:00,64290.0,64298.0,64290.0,64297.99
2026-07-30 02:48:00+00:00,64297.99,64316.0,64297.99,64315.99
2026-07-30 02:49:00+00:00,64315.99,64316.0,64250.0,64254.64
2026-07-30 02:50:00+00:00,64254.63,64258.0,64251.91,64258.0
2026-07-30 02:51:00+00:00,64258.0,64305.97,64257.99,64280.0
2026-07-30 02:52:00+00:00,64280.0,64280.01,64270.0,64270.0
2026-07-30 02:53:00+00:00,64270.0,64270.01,64259.4,64269.98
2026-07-30 02:54:00+00:00,64269.99,64274.68,64227.74,64233.96
2026-07-30 02:55:00+00:00,64233.96,64250.47,64233.96,64250.47
2026-07-30 02:56:00+00:00,64250.46,64250.47,64198.87,64198.88
2026-07-30 02:57:00+00:00,64198.88,64198.88,64159.63,64169.16
2026-07-30 02:58:00+00:00,64169.16,64180.79,64169.16,64176.48
2026-07-30 02:59:00+00:00,64176.49,64190.0,64176.48,64189.99
2026-07-30 03:00:00+00:00,64190.0,64190.0,64183.62,64183.63
2026-07-30 03:01:00+00:00,64183.62,64204.83,64182.9,64204.82
2026-07-30 03:02:00+00:00,64204.82,64228.94,64204.82,64228.94
2026-07-30 03:03:00+00:00,64228.94,64228.94,64202.5,64223.2
2026-07-30 03:04:00+00:00,64223.2,64224.0,64215.34,64224.0
2026-07-30 03:05:00+00:00,64224.0,64243.38,64216.0,64243.38
2026-07-30 03:06:00+00:00,64243.37,64255.89,64243.37,64255.89
2026-07-30 03:07:00+00:00,64255.89,64268.0,64253.99,64260.0
2026-07-30 03:08:00+00:00,64259.99,64260.0,64196.0,64196.0
2026-07-30 03:09:00+00:00,64196.01,64208.27,64188.73,64188.73
2026-07-30 03:10:00+00:00,64188.74,64188.74,64163.12,64163.13
2026-07-30 03:11:00+00:00,64163.12,64163.13,64134.64,64160.0
2026-07-30 03:12:00+00:00,64159.99,64160.0,64135.91,64135.91
2026-07-30 03:13:00+00:00,64135.91,64135.92,64134.64,64134.64
2026-07-30 03:14:00+00:00,64134.65,64200.01,64133.99,64200.0
2026-07-30 03:15:00+00:00,64200.0,64215.1,64190.53,64199.41
2026-07-30 03:16:00+00:00,64199.41,64278.15,64199.41,64278.14
2026-07-30 03:17:00+00:00,64278.14,64300.91,64267.37,64267.37
2026-07-30 03:18:00+00:00,64267.38,64290.49,64267.38,64280.01
2026-07-30 03:19:00+00:00,64280.0,64280.0,64216.0,64224.72
2026-07-30 03:20:00+00:00,64224.71,64232.0,64209.3,64232.0
2026-07-30 03:21:00+00:00,64232.0,64234.0,64218.43,64232.55
2026-07-30 03:22:00+00:00,64232.55,64232.56,64204.9,64204.9
2026-07-30 03:23:00+00:00,64204.91,64228.59,64200.27,64228.58
2026-07-30 03:24:00+00:00,64228.59,64235.51,64225.25,64225.26
2026-07-30 03:25:00+00:00,64225.26,64253.02,64225.25,64253.01
2026-07-30 03:26:00+00:00,64253.02,64253.02,64229.34,64248.0
2026-07-30 03:27:00+00:00,64248.01,64273.96,64248.0,64266.01
2026-07-30 03:28:00+00:00,64266.0,64271.92,64249.63,64261.32
2026-07-30 03:29:00+00:00,64261.32,64267.99,64261.31,64267.98
2026-07-30 03:30:00+00:00,64267.99,64267.99,64197.8,64215.61
2026-07-30 03:31:00+00:00,64215.62,64215.62,64178.09,64186.99
2026-07-30 03:32:00+00:00,64187.0,64188.74,64156.07,64167.94
2026-07-30 03:33:00+00:00,64167.95,64205.29,64167.94,64205.28
2026-07-30 03:34:00+00:00,64205.28,64205.29,64188.74,64198.33
2026-07-30 03:35:00+00:00,64198.34,64198.34,64175.04,64192.63
2026-07-30 03:36:00+00:00,64192.63,64216.0,64147.94,64147.95
2026-07-30 03:37:00+00:00,64147.95,64152.0,64144.68,64151.99
2026-07-30 03:38:00+00:00,64152.0,64161.62,64152.0,64156.65
2026-07-30 03:39:00+00:00,64156.65,64166.0,64144.34,64162.01
2026-07-30 03:40:00+00:00,64162.01,64168.39,64140.5,64168.39
2026-07-30 03:41:00+00:00,64168.39,64170.0,64168.38,64169.99
2026-07-30 03:42:00+00:00,64170.0,64170.0,64166.05,64166.06
2026-07-30 03:43:00+00:00,64166.05,64171.61,64166.05,64168.0
2026-07-30 03:44:00+00:00,64168.0,64168.01,64151.98,64160.0
2026-07-30 03:45:00+00:00,64159.99,64196.0,64159.99,64175.04
2026-07-30 03:46:00+00:00,64175.04,64178.0,64168.95,64168.96
2026-07-30 03:47:00+00:00,64168.95,64200.42,64168.95,64196.14
2026-07-30 03:48:00+00:00,64196.14,64202.0,64176.24,64201.99
2026-07-30 03:49:00+00:00,64202.0,64206.0,64198.02,64198.03
2026-07-30 03:50:00+00:00,64198.02,64198.02,64182.37,64196.0
2026-07-30 03:51:00+00:00,64195.99,64217.66,64195.99,64214.0
2026-07-30 03:52:00+00:00,64214.01,64222.0,64214.0,64220.5
2026-07-30 03:53:00+00:00,64220.51,64220.51,64204.0,64204.09
2026-07-30 03:54:00+00:00,64204.1,64204.1,64196.89,64196.9
2026-07-30 03:55:00+00:00,64196.91,64206.91,64196.9,64204.0
2026-07-30 03:56:00+00:00,64204.0,64204.01,64196.9,64201.62
2026-07-30 03:57:00+00:00,64201.62,64201.62,64181.7,64181.71
2026-07-30 03:58:00+00:00,64181.71,64181.71,64162.31,64162.31
2026-07-30 03:59:00+00:00,64162.31,64162.32,64160.0,64161.98
2026-07-30 04:00:00+00:00,64161.98,64180.0,64141.37,64141.38
2026-07-30 04:01:00+00:00,64141.38,64159.74,64141.37,64159.74
2026-07-30 04:02:00+00:00,64159.73,64160.0,64156.0,64156.01
2026-07-30 04:03:00+00:00,64156.01,64156.01,64117.14,64119.72
2026-07-30 04:04:00+00:00,64119.72,64151.38,64119.72,64146.0
2026-07-30 04:05:00+00:00,64146.01,64156.24,64146.0,64156.23
2026-07-30 04:06:00+00:00,64156.23,64156.24,64140.4,64140.4
2026-07-30 04:07:00+00:00,64140.41,64140.41,64133.1,64133.1
2026-07-30 04:08:00+00:00,64133.11,64133.11,64120.29,64127.1
2026-07-30 04:09:00+00:00,64127.1,64136.39,64127.1,64128.0
2026-07-30 04:10:00+00:00,64128.0,64128.01,64116.0,64116.01
2026-07-30 04:11:00+00:00,64116.01,64116.01,64107.33,64107.34
2026-07-30 04:12:00+00:00,64107.34,64113.37,64107.33,64113.36
2026-07-30 04:13:00+00:00,64113.36,64113.37,64110.42,64110.42
2026-07-30 04:14:00+00:00,64110.42,64145.01,64110.42,64145.01
2026-07-30 04:15:00+00:00,64145.0,64145.01,64127.95,64138.0
2026-07-30 04:16:00+00:00,64138.0,64138.0,64128.0,64132.0
2026-07-30 04:17:00+00:00,64132.0,64132.0,64118.0,64118.01
2026-07-30 04:18:00+00:00,64118.0,64118.01,64110.05,64110.06
2026-07-30 04:19:00+00:00,64110.05,64118.01,64100.52,64103.24
2026-07-30 04:20:00+00:00,64103.24,64112.26,64103.23,64112.26
2026-07-30 04:21:00+00:00,64112.6,64129.76,64112.6,64129.76
2026-07-30 04:22:00+00:00,64129.75,64129.76,64098.79,64111.64
2026-07-30 04:23:00+00:00,64111.65,64118.33,64111.64,64115.75
2026-07-30 04:24:00+00:00,64115.75,64122.0,64097.99,64097.99
2026-07-30 04:25:00+00:00,64097.99,64098.0,64097.99,64098.0
2026-07-30 04:26:00+00:00,64098.0,64108.62,64097.99,64108.61
2026-07-30 04:27:00+00:00,64108.61,64127.23,64108.61,64127.23
2026-07-30 04:28:00+00:00,64127.23,64139.24,64104.31,64104.31
2026-07-30 04:29:00+00:00,64104.32,64122.11,64089.99,64090.0
2026-07-30 04:30:00+00:00,64089.99,64113.88,64089.99,64113.87
2026-07-30 04:31:00+00:00,64113.87,64127.29,64112.06,64127.28
2026-07-30 04:32:00+00:00,64127.29,64127.29,64111.1,64116.65
2026-07-30 04:33:00+00:00,64116.65,64160.1,64116.65,64150.44
2026-07-30 04:34:00+00:00,64150.45,64150.45,64142.03,64142.03
2026-07-30 04:35:00+00:00,64142.04,64147.77,64124.82,64147.77
2026-07-30 04:36:00+00:00,64147.76,64157.13,64147.76,64151.29
2026-07-30 04:37:00+00:00,64151.3,64151.3,64094.51,64107.33
2026-07-30 04:38:00+00:00,64107.33,64116.16,64085.87,64085.87
2026-07-30 04:39:00+00:00,64085.88,64103.92,64082.0,64103.92
2026-07-30 04:40:00+00:00,64103.92,64129.99,64103.91,64110.0
2026-07-30 04:41:00+00:00,64110.0,64110.01,64090.77,64090.78
2026-07-30 04:42:00+00:00,64090.77,64090.78,64078.5,64078.51
2026-07-30 04:43:00+00:00,64078.5,64078.51,64064.02,64064.03
2026-07-30 04:44:00+00:00,64064.02,64122.4,64064.02,64110.01
2026-07-30 04:45:00+00:00,64110.0,64116.87,64078.9,64116.86
2026-07-30 04:46:00+00:00,64116.87,64143.59,64114.0,64143.58
2026-07-30 04:47:00+00:00,64143.58,64150.0,64134.01,64134.01
2026-07-30 04:48:00+00:00,64134.01,64134.02,64085.48,64086.65
2026-07-30 04:49:00+00:00,64086.66,64106.0,64086.65,64106.0
2026-07-30 04:50:00+00:00,64106.0,64124.92,64094.56,64094.56
2026-07-30 04:51:00+00:00,64094.57,64098.41,64085.26,64098.41
2026-07-30 04:52:00+00:00,64098.41,64125.61,64098.4,64121.09
2026-07-30 04:53:00+00:00,64121.08,64121.09,64121.08,64121.08
2026-07-30 04:54:00+00:00,64121.09,64121.09,64087.25,64094.0
2026-07-30 04:55:00+00:00,64093.99,64094.0,64076.0,64076.0
2026-07-30 04:56:00+00:00,64076.01,64091.22,64064.02,64064.02
2026-07-30 04:57:00+00:00,64064.03,64065.59,64028.0,64028.0
2026-07-30 04:58:00+00:00,64028.0,64028.01,64008.5,64012.0
2026-07-30 04:59:00+00:00,64012.0,64024.0,64012.0,64023.99
2026-07-30 05:00:00+00:00,64024.0,64024.0,64010.0,64016.0
2026-07-30 05:01:00+00:00,64015.99,64019.33,64010.0,64010.01
2026-07-30 05:02:00+00:00,64010.0,64010.01,63941.13,63966.05
2026-07-30 05:03:00+00:00,63966.05,63966.05,63944.0,63946.65
2026-07-30 05:04:00+00:00,63946.64,63994.6,63946.64,63994.6
2026-07-30 05:05:00+00:00,63994.59,64011.54,63986.3,64011.53
2026-07-30 05:06:00+00:00,64011.54,64037.99,64011.54,64015.99
2026-07-30 05:07:00+00:00,64016.0,64016.0,63994.68,64000.51
2026-07-30 05:08:00+00:00,64000.52,64018.0,63996.03,64004.97
2026-07-30 05:09:00+00:00,64004.97,64024.75,63981.99,63981.99
2026-07-30 05:10:00+00:00,63981.99,63982.0,63964.0,63981.64
2026-07-30 05:11:00+00:00,63981.64,63981.64,63981.0,63981.01
2026-07-30 05:12:00+00:00,63981.0,63983.67,63964.48,63983.66
2026-07-30 05:13:00+00:00,63983.65,63988.0,63974.0,63987.99
2026-07-30 05:14:00+00:00,63988.0,64013.9,63954.51,63973.0
2026-07-30 05:15:00+00:00,63972.99,64006.77,63949.55,63978.62
2026-07-30 05:16:00+00:00,63978.61,63991.89,63974.0,63981.36
2026-07-30 05:17:00+00:00,63981.35,63985.29,63964.03,63964.04
2026-07-30 05:18:00+00:00,63964.04,63986.09,63948.79,63986.08
2026-07-30 05:19:00+00:00,63986.08,63989.12,63941.13,63985.01
2026-07-30 05:20:00+00:00,63985.0,64000.0,63962.0,63962.0
2026-07-30 05:21:00+00:00,63962.0,63979.96,63953.69,63953.69
2026-07-30 05:22:00+00:00,63953.69,63953.69,63927.04,63927.05
2026-07-30 05:23:00+00:00,63927.04,63927.05,63907.85,63907.86
2026-07-30 05:24:00+00:00,63907.86,63920.0,63907.85,63920.0
2026-07-30 05:25:00+00:00,63920.0,63955.38,63920.0,63930.4
2026-07-30 05:26:00+00:00,63930.39,63949.06,63922.0,63949.06
2026-07-30 05:27:00+00:00,63949.05,63966.0,63949.05,63966.0
2026-07-30 05:28:00+00:00,63966.0,64016.0,63965.99,64014.01
2026-07-30 05:29:00+00:00,64014.0,64014.01,63990.76,64013.06
2026-07-30 05:30:00+00:00,64013.06,64054.0,63996.54,64053.07
2026-07-30 05:31:00+00:00,64053.07,64095.27,64042.0,64094.24
2026-07-30 05:32:00+00:00,64094.23,64182.0,64094.23,64106.01
2026-07-30 05:33:00+00:00,64106.0,64151.78,64106.0,64124.0
2026-07-30 05:34:00+00:00,64124.0,64147.81,64122.01,64124.28
2026-07-30 05:35:00+00:00,64124.27,64131.99,64106.01,64106.01
2026-07-30 05:36:00+00:00,64106.01,64106.01,64089.26,64097.98
2026-07-30 05:37:00+00:00,64097.99,64112.0,64083.68,64099.99
2026-07-30 05:38:00+00:00,64100.0,64100.0,64080.0,64094.0
2026-07-30 05:39:00+00:00,64093.99,64094.0,64060.54,64060.54
2026-07-30 05:40:00+00:00,64060.55,64076.0,64053.17,64074.0
2026-07-30 05:41:00+00:00,64074.0,64094.0,64074.0,64078.34
2026-07-30 05:42:00+00:00,64078.33,64092.0,64078.0,64091.99
2026-07-30 05:43:00+00:00,64091.99,64120.0,64091.99,64108.2
2026-07-30 05:44:00+00:00,64108.21,64122.39,64108.2,64122.38
2026-07-30 05:45:00+00:00,64122.39,64148.33,64108.2,64112.46
2026-07-30 05:46:00+00:00,64112.46,64156.0,64112.46,64136.12
2026-07-30 05:47:00+00:00,64136.13,64136.13,64118.56,64125.97
2026-07-30 05:48:00+00:00,64125.96,64125.97,64078.33,64078.34
2026-07-30 05:49:00+00:00,64078.34,64081.95,64064.4,64081.95
2026-07-30 05:50:00+00:00,64081.95,64103.69,64081.95,64100.47
2026-07-30 05:51:00+00:00,64100.48,64100.48,64061.37,64065.45
2026-07-30 05:52:00+00:00,64065.44,64065.45,64052.66,64052.66
2026-07-30 05:53:00+00:00,64052.66,64061.1,64034.0,64034.0
2026-07-30 05:54:00+00:00,64034.01,64046.88,64028.01,64035.04
2026-07-30 05:55:00+00:00,64035.05,64035.05,63993.2,63993.21
2026-07-30 05:56:00+00:00,63993.2,64034.0,63993.2,64033.99
2026-07-30 05:57:00+00:00,64034.0,64050.0,64034.0,64049.99
2026-07-30 05:58:00+00:00,64049.99,64050.0,64024.17,64024.18
2026-07-30 05:59:00+00:00,64024.18,64033.9,64024.04,64033.89
2026-07-30 06:00:00+00:00,64033.9,64038.99,64030.0,64030.0
2026-07-30 06:01:00+00:00,64030.0,64034.0,64002.8,64034.0
2026-07-30 06:02:00+00:00,64033.99,64045.16,64026.0,64026.0
2026-07-30 06:03:00+00:00,64026.0,64028.0,64014.53,64025.4
2026-07-30 06:04:00+00:00,64025.4,64058.0,64012.15,64057.99
2026-07-30 06:05:00+00:00,64057.99,64072.0,64039.16,64040.55
2026-07-30 06:06:00+00:00,64040.56,64047.66,64026.35,64046.71
2026-07-30 06:07:00+00:00,64046.72,64076.0,64046.71,64062.58
2026-07-30 06:08:00+00:00,64062.58,64062.58,64025.0,64025.01
2026-07-30 06:09:00+00:00,64025.01,64037.41,63996.21,63996.22
2026-07-30 06:10:00+00:00,63996.21,63996.22,63982.68,63991.07
2026-07-30 06:11:00+00:00,63991.08,64008.0,63986.03,64008.0
2026-07-30 06:12:00+00:00,64008.0,64026.21,63998.0,64026.2
2026-07-30 06:13:00+00:00,64026.2,64029.25,64009.94,64013.99
2026-07-30 06:14:00+00:00,64014.0,64018.01,64000.0,64000.0
2026-07-30 06:15:00+00:00,64000.01,64000.01,63987.19,63988.02
2026-07-30 06:16:00+00:00,63988.01,63996.0,63988.01,63996.0
2026-07-30 06:17:00+00:00,63995.99,63998.92,63988.34,63993.66
2026-07-30 06:18:00+00:00,63993.65,63998.91,63987.01,63987.02
2026-07-30 06:19:00+00:00,63987.01,63987.02,63983.09,63983.09
2026-07-30 06:20:00+00:00,63983.1,63983.1,63966.95,63971.89
2026-07-30 06:21:00+00:00,63971.88,64014.0,63971.88,64005.67
2026-07-30 06:22:00+00:00,64005.67,64005.68,63992.11,63998.01
2026-07-30 06:23:00+00:00,63998.0,64010.24,63998.0,64010.23
2026-07-30 06:24:00+00:00,64010.24,64025.53,64010.23,64022.0
2026-07-30 06:25:00+00:00,64022.0,64074.0,64021.99,64058.84
2026-07-30 06:26:00+00:00,64058.83,64066.0,64054.7,64054.7
2026-07-30 06:27:00+00:00,64054.7,64060.0,64040.1,64059.99
2026-07-30 06:28:00+00:00,64059.99,64068.04,64059.42,64059.42
2026-07-30 06:29:00+00:00,64059.43,64078.0,64058.77,64078.0
2026-07-30 06:30:00+00:00,64078.0,64080.0,64057.6,64058.66
2026-07-30 06:31:00+00:00,64058.67,64062.0,64058.66,64058.67
2026-07-30 06:32:00+00:00,64058.67,64062.0,64056.0,64056.0
2026-07-30 06:33:00+00:00,64056.01,64057.33,64046.0,64046.01
2026-07-30 06:34:00+00:00,64046.01,64046.01,63999.97,64013.94
2026-07-30 06:35:00+00:00,64013.94,64013.94,63986.34,63986.35
2026-07-30 06:36:00+00:00,63986.35,63986.35,63974.0,63974.01
2026-07-30 06:37:00+00:00,63974.0,64002.0,63972.0,63997.29
2026-07-30 06:38:00+00:00,63997.29,64024.0,63997.28,64002.92
2026-07-30 06:39:00+00:00,64002.92,64017.81,64002.92,64017.81
2026-07-30 06:40:00+00:00,64017.81,64017.81,63998.6,63998.6
2026-07-30 06:41:00+00:00,63998.6,64019.6,63998.6,64019.6
2026-07-30 06:42:00+00:00,64019.6,64019.6,64017.2,64019.0
2026-07-30 06:43:00+00:00,64019.0,64019.0,64007.4,64007.41
2026-07-30 06:44:00+00:00,64007.4,64007.41,64007.4,64007.41
2026-07-30 06:45:00+00:00,64007.4,64015.07,64002.0,64015.06
2026-07-30 06:46:00+00:00,64015.06,64018.0,64015.06,64018.0
2026-07-30 06:47:00+00:00,64018.0,64018.0,63985.0,63985.0
2026-07-30 06:48:00+00:00,63985.01,63997.05,63957.2,63997.05
2026-07-30 06:49:00+00:00,63997.05,64007.62,63987.65,64007.62
2026-07-30 06:50:00+00:00,64007.61,64007.62,63987.88,63987.88
2026-07-30 06:51:00+00:00,63987.89,63987.89,63976.0,63984.94
2026-07-30 06:52:00+00:00,63984.93,63990.42,63981.17,63981.18
2026-07-30 06:53:00+00:00,63981.17,63984.94,63968.61,63984.94
2026-07-30 06:54:00+00:00,63984.93,64006.8,63984.93,64004.22
2026-07-30 06:55:00+00:00,64004.22,64004.23,63979.01,63991.99
2026-07-30 06:56:00+00:00,63991.98,64004.22,63980.1,63981.04
2026-07-30 06:57:00+00:00,63981.05,64002.0,63981.04,64001.99
2026-07-30 06:58:00+00:00,64002.0,64005.75,63987.52,63990.54
2026-07-30 06:59:00+00:00,63990.54,64002.0,63990.54,64002.0
2026-07-30 07:00:00+00:00,64001.99,64048.0,64001.99,64047.99
2026-07-30 07:01:00+00:00,64048.0,64121.37,64038.44,64121.37
2026-07-30 07:02:00+00:00,64121.37,64126.0,64101.45,64123.1
2026-07-30 07:03:00+00:00,64123.1,64144.0,64123.1,64142.0
2026-07-30 07:04:00+00:00,64142.0,64142.0,64100.0,64100.0
2026-07-30 07:05:00+00:00,64100.01,64110.01,64084.67,64092.02
2026-07-30 07:06:00+00:00,64092.01,64092.02,64072.83,64080.0
2026-07-30 07:07:00+00:00,64080.0,64082.8,64059.42,64059.42
2026-07-30 07:08:00+00:00,64059.43,64071.99,64019.81,64019.81
2026-07-30 07:09:00+00:00,64019.82,64069.99,64019.81,64069.99
2026-07-30 07:10:00+00:00,64069.98,64083.99,64060.0,64060.01
2026-07-30 07:11:00+00:00,64060.0,64066.0,64058.63,64066.0
2026-07-30 07:12:00+00:00,64066.0,64097.99,64065.99,64092.16
2026-07-30 07:13:00+00:00,64092.16,64092.16,64072.0,64072.0
2026-07-30 07:14:00+00:00,64072.0,64072.01,64044.06,64057.83
2026-07-30 07:15:00+00:00,64057.83,64070.0,64044.52,64044.52
2026-07-30 07:16:00+00:00,64044.53,64044.53,64027.43,64027.44
2026-07-30 07:17:00+00:00,64027.44,64027.44,63993.25,63993.26
2026-07-30 07:18:00+00:00,63993.25,64055.29,63993.25,64046.6
2026-07-30 07:19:00+00:00,64046.61,64144.06,64038.8,64138.0
2026-07-30 07:20:00+00:00,64138.01,64138.01,64111.15,64111.15
2026-07-30 07:21:00+00:00,64111.16,64111.16,64106.97,64106.98
2026-07-30 07:22:00+00:00,64106.98,64117.87,64090.87,64096.57
2026-07-30 07:23:00+00:00,64096.56,64096.57,64062.74,64085.99
2026-07-30 07:24:00+00:00,64086.0,64120.63,64085.99,64120.62
2026-07-30 07:25:00+00:00,64120.63,64138.01,64090.0,64090.0
2026-07-30 07:26:00+00:00,64090.0,64090.01,64083.68,64083.68
2026-07-30 07:27:00+00:00,64083.68,64084.08,64060.0,64060.01
2026-07-30 07:28:00+00:00,64060.01,64065.94,64031.99,64065.94
2026-07-30 07:29:00+00:00,64065.94,64074.0,64060.2,64062.01
2026-07-30 07:30:00+00:00,64062.01,64066.01,64031.99,64032.0
2026-07-30 07:31:00+00:00,64032.0,64032.0,64024.0,64024.0
2026-07-30 07:32:00+00:00,64024.0,64024.01,63976.5,63986.57
2026-07-30 07:33:00+00:00,63986.56,63987.17,63976.5,63976.51
2026-07-30 07:34:00+00:00,63976.5,63990.06,63976.5,63988.87
2026-07-30 07:35:00+00:00,63988.86,63991.71,63981.63,63987.66
2026-07-30 07:36:00+00:00,63987.66,63987.66,63943.29,63953.7
2026-07-30 07:37:00+00:00,63953.71,64020.43,63953.7,64008.01
2026-07-30 07:38:00+00:00,64008.0,64016.0,63990.94,64016.0
2026-07-30 07:39:00+00:00,64016.0,64024.53,64012.0,64022.0
2026-07-30 07:40:00+00:00,64022.0,64049.51,64021.99,64026.23
2026-07-30 07:41:00+00:00,64026.23,64028.91,64015.21,64028.91
2026-07-30 07:42:00+00:00,64028.91,64028.91,64024.47,64024.48
2026-07-30 07:43:00+00:00,64024.47,64042.0,64024.47,64042.0
2026-07-30 07:44:00+00:00,64041.99,64052.0,64041.49,64041.5
2026-07-30 07:45:00+00:00,64041.5,64041.5,64020.0,64020.08
2026-07-30 07:46:00+00:00,64020.07,64025.68,64004.19,64012.34
2026-07-30 07:47:00+00:00,64012.34,64020.0,64012.34,64020.0
2026-07-30 07:48:00+00:00,64020.0,64022.76,64019.99,64022.75
2026-07-30 07:49:00+00:00,64022.75,64022.76,64002.0,64003.79
2026-07-30 07:50:00+00:00,64003.78,64003.79,63990.14,63990.14
2026-07-30 07:51:00+00:00,63990.14,64002.0,63990.14,64001.99
2026-07-30 07:52:00+00:00,64001.99,64002.0,63993.42,63999.49
2026-07-30 07:53:00+00:00,63999.49,64034.0,63999.48,64034.0
2026-07-30 07:54:00+00:00,64033.99,64037.2,64011.05,64012.8
2026-07-30 07:55:00+00:00,64012.81,64015.97,63996.0,64008.59
2026-07-30 07:56:00+00:00,64008.59,64008.6,63984.0,63990.4
2026-07-30 07:57:00+00:00,63990.39,63999.8,63990.39,63999.79
2026-07-30 07:58:00+00:00,63999.79,64017.86,63999.79,64017.86
2026-07-30 07:59:00+00:00,64017.85,64026.01,63988.0,64026.0
2026-07-30 08:00:00+00:00,64026.0,64026.01,64008.37,64008.37
2026-07-30 08:01:00+00:00,64008.37,64016.0,64002.0,64002.6
2026-07-30 08:02:00+00:00,64002.6,64032.0,63982.0,64031.99
2026-07-30 08:03:00+00:00,64032.0,64032.0,63982.0,63982.0
2026-07-30 08:04:00+00:00,63982.01,64022.0,63982.0,64021.99
2026-07-30 08:05:00+00:00,64022.0,64048.0,64000.64,64036.14
2026-07-30 08:06:00+00:00,64036.15,64036.15,64027.47,64031.42
2026-07-30 08:07:00+00:00,64031.42,64031.42,64010.02,64020.0
2026-07-30 08:08:00+00:00,64019.99,64066.0,64019.99,64042.56
2026-07-30 08:09:00+00:00,64042.56,64042.57,64007.59,64010.0
2026-07-30 08:10:00+00:00,64010.0,64023.6,64009.99,64014.33
2026-07-30 08:11:00+00:00,64014.33,64025.29,64014.33,64025.29
2026-07-30 08:12:00+00:00,64025.28,64063.84,64025.28,64061.09
2026-07-30 08:13:00+00:00,64061.1,64063.35,64044.0,64044.0
2026-07-30 08:14:00+00:00,64044.0,64044.01,64003.99,64003.99
2026-07-30 08:15:00+00:00,64003.99,64008.0,63980.54,64008.0
2026-07-30 08:16:00+00:00,64007.99,64040.0,64007.99,64032.0
2026-07-30 08:17:00+00:00,64032.0,64057.19,64032.0,64052.01
2026-07-30 08:18:00+00:00,64052.0,64052.01,64026.56,64026.6
2026-07-30 08:19:00+00:00,64026.6,64026.6,64014.58,64014.58
2026-07-30 08:20:00+00:00,64014.59,64062.6,64014.58,64062.6
2026-07-30 08:21:00+00:00,64062.6,64092.36,64062.59,64092.35
2026-07-30 08:22:00+00:00,64092.35,64094.0,64070.0,64093.99
2026-07-30 08:23:00+00:00,64094.0,64188.75,64093.99,64174.59
2026-07-30 08:24:00+00:00,64174.6,64210.0,64166.08,64200.91
2026-07-30 08:25:00+00:00,64200.92,64250.0,64190.37,64246.01
2026-07-30 08:26:00+00:00,64246.02,64259.18,64238.0,64246.01
2026-07-30 08:27:00+00:00,64246.01,64280.0,64246.0,64280.0
2026-07-30 08:28:00+00:00,64280.0,64343.46,64262.4,64272.02
2026-07-30 08:29:00+00:00,64272.01,64272.02,64272.01,64272.01
